IOC,Valid From,Valid Until,Link
kyliansuperm92139124[.]sbs,2023-06-20T00:00:00Z,2023-08-20T00:00:00Z,https://app.sekoia.io/intelligence/public/objects/indicator--9a6d32d0-76ce-4e73-889f-8429aa316b9b
5.42.94[.]169,2023-05-31T00:00:00Z,2023-07-01T00:00:00Z,https://app.sekoia.io/intelligence/public/objects/indicator--00af0ca9-81d8-40ad-8023-5c73a35dc486
5a6f8575c7a4d2760dbf2ce204ed18ef11902062888da7b41c45cb35594e70befaa85e20dff402eb956a597a8d98865ec0edb7ee1348521934a95d9d9e351cb2,2023-05-31T00:00:00Z,2048-05-24T00:00:00Z,https://app.sekoia.io/intelligence/public/objects/indicator--0271bc38-8dd8-4ede-bc8e-003fe49e70d6
4f4a3477cc7e6ac1ea965e921b1a9f0950754e708daace8baaeec87af37efe4dd1bf0679bffa2be63b0b4b94bb4d992191afe8c4c922ee57f3070fbe1ebbead2,2023-06-01T00:00:00Z,2048-05-25T00:00:00Z,https://app.sekoia.io/intelligence/public/objects/indicator--02d0448e-b880-48a1-a25d-cf88b7a54e02
c2fcc861d9e114ee29b3b5d93bc5064cd5ae3d9bc419a82a15bf7b5a9a6dffce,2023-05-31T00:00:00Z,2048-06-08T00:00:00Z,https://app.sekoia.io/intelligence/public/objects/indicator--037b1075-fd31-4387-a3b7-eabfa8f05d4f
hxxps://www.mediafire[.]com/file/lgoql94feiic0x7/v2.5_2023.rar/file,2023-06-01T00:00:00Z,2023-11-28T00:00:00Z,https://app.sekoia.io/intelligence/public/objects/indicator--039cc844-c80d-4694-a3f6-5bf8151eb8f8
993dd34d87d9b0811f3925059bfe71d5e9ffd1ed60ae39df7fcd42803eb548b4b8f64097cffac9276c425d7e565214612fa469e466e6fd85afe18d966c007c91,2023-05-31T00:00:00Z,2048-05-24T00:00:00Z,https://app.sekoia.io/intelligence/public/objects/indicator--03fdeb0d-8042-4d10-8578-bbbae9836510
3680dd4f01f213f03dd085bc45c1a52d4136e54787ad6d9804200c9286ba7496,2023-05-31T00:00:00Z,2048-05-24T00:00:00Z,https://app.sekoia.io/intelligence/public/objects/indicator--0401e334-1b41-4e4a-8d0e-81e1cb019983
be2b36a1fd8d91f9c86043b1afa8a87acbc935d6087d0ed2e565ddcf4f7c9504,2023-05-31T00:00:00Z,2048-05-24T00:00:00Z,https://app.sekoia.io/intelligence/public/objects/indicator--04e82294-cd15-460e-becc-dd15054eb2d1
674355906653114400ae73269c48fccb7ed8cebfbc50540bb7304fcfc23c0e6d,2023-05-31T00:00:00Z,2048-05-24T00:00:00Z,https://app.sekoia.io/intelligence/public/objects/indicator--0657a495-2024-45c9-aa9a-ad41fd968b56
01bafdf336196fc262429c926614c94feeffc81863d54299a5f4caa21bd300fb,2023-05-31T00:00:00Z,2048-05-24T00:00:00Z,https://app.sekoia.io/intelligence/public/objects/indicator--06f7d39b-9ef4-44be-9130-5338df0a610b
34f16999e0e9368a32519c09fb58e8176ce7b63dd71eec3058a04d277f8b9b19,2023-06-20T00:00:00Z,2048-06-13T00:00:00Z,https://app.sekoia.io/intelligence/public/objects/indicator--07388724-6614-4262-9875-11594e499fc6
845018fb5fa62f55d1b5be9a4eaf9dd5139b8c82e8cf838d12f85a34b0df1467,2023-05-31T00:00:00Z,2048-05-30T00:00:00Z,https://app.sekoia.io/intelligence/public/objects/indicator--078a4aa7-406a-45b3-b6e3-53288713fedb
05189d361b124ef328749b7295264a953ad112fd2d8b7762a88ead63605fda8eb9f48228a1dddbc8156cd88d542eed3d8bedcaacd39a5e005ace06af6c534f06,2023-05-31T00:00:00Z,2048-05-24T00:00:00Z,https://app.sekoia.io/intelligence/public/objects/indicator--08f357df-e873-4624-93cb-4f0ee19c7562
185867c52893774c2c8f234523796cd2eccafee51607865842b8e04d4026759ddca1607a8f202b6a2e1ff237d188d38da96cb3c5761ac82eb496b7c0b85d3b4d,2023-05-31T00:00:00Z,2048-05-24T00:00:00Z,https://app.sekoia.io/intelligence/public/objects/indicator--095c5d6a-478e-49cc-a831-5f01fc47a8cf
24cec52005f4f8038acbe1e978dc7526fe4ee089dee2683a0c3ab4a706a6e9f4c4dc0dedfcf2bfcd2f5fff5670a8042a7da3e1e822397fa9d20400be44eb7743,2023-05-31T00:00:00Z,2048-05-24T00:00:00Z,https://app.sekoia.io/intelligence/public/objects/indicator--097c729c-6051-4db8-856f-762ac21461f1
5178b5a5094d877c40ba7062bc66d8790aedbad51876b8769f23cf84c5cbfa68,2023-05-31T00:00:00Z,2048-05-24T00:00:00Z,https://app.sekoia.io/intelligence/public/objects/indicator--09d135cb-70e1-4e1f-89a3-4014b1341555
d663ef3af4d0cc4d38314e79b63df5a7549caa4e7c52c73e0e6fc11265ce709c,2023-05-31T00:00:00Z,2048-05-24T00:00:00Z,https://app.sekoia.io/intelligence/public/objects/indicator--0aad9092-29ec-4446-af97-4da6dff5f711
118b3fcb8fb11bcc4b6fd115994e85fde52ceebcf09374795e0ca9d1b9cf6b25b5e2548d8f765db01caccc7cd94a49968be86ffc858fd77b1f36379e8e11fabb,2023-05-31T00:00:00Z,2048-05-24T00:00:00Z,https://app.sekoia.io/intelligence/public/objects/indicator--0aae5b74-ad44-4faf-9424-386e0ebf74dd
dc1444430a203035f7d0782f0e9895e9b1add8f4bb54119c47d6eb18b63aa7da,2023-05-31T00:00:00Z,2048-06-11T00:00:00Z,https://app.sekoia.io/intelligence/public/objects/indicator--0b1e09b8-b1ef-4528-868f-384298da85e7
536af35ef4078a8e24c0f33940e7475ac39b4bae54b4988c0fda86a2b0d2b009,2023-05-31T00:00:00Z,2048-05-24T00:00:00Z,https://app.sekoia.io/intelligence/public/objects/indicator--0c05a96d-3898-46b7-b2dc-cfa0dd782d6d
a0dd2fd31c5c6668258edbcdba5e7f5d615f27e328e9848edcc77011f8daf25e3c4e69816344d8a3b878133b4d61a1a3338d0b40fd274eae105c824755ba5851,2023-05-31T00:00:00Z,2048-05-24T00:00:00Z,https://app.sekoia.io/intelligence/public/objects/indicator--0c693257-6c40-4b9e-896c-2a880f1b829f
b33364008139b4ac87da4a7bb5a5df654ce0296af0ee516fbf3c22e2c80b4207,2023-06-15T00:00:00Z,2048-06-08T00:00:00Z,https://app.sekoia.io/intelligence/public/objects/indicator--0d86679e-0cb3-4032-8967-b0bac68e07c7
e8c5e2d27b35f0a49b92b255a787c4e4c2e3f70166a31d28baa072b0c0b67e14,2023-05-31T00:00:00Z,2048-06-08T00:00:00Z,https://app.sekoia.io/intelligence/public/objects/indicator--0db1d5de-d85a-4869-8e58-429d9a608045
6f95ab99f175c18ddac4b83a164fa7b4caf500c066cd5f486837d39a80f41ac3,2023-05-31T00:00:00Z,2048-05-24T00:00:00Z,https://app.sekoia.io/intelligence/public/objects/indicator--0dd05d6c-2cc6-488d-bbc3-e5472f43a6fe
b76e01ad56c12f5b1c65dbb20c3a60f6ab736212a9157dcb275ff9793a3ce584,2023-05-31T00:00:00Z,2048-05-24T00:00:00Z,https://app.sekoia.io/intelligence/public/objects/indicator--0e3f3646-5e4f-40ce-a88c-6664e080a715
680b86d417762d6dad6d9befa4049fc270f3ed6e48d3915080dde4230d5bfe55,2023-05-31T00:00:00Z,2048-05-24T00:00:00Z,https://app.sekoia.io/intelligence/public/objects/indicator--0e79fc96-5960-4266-b992-5fe49327977e
6a672c8f16ee8ff11efbd71b207c8d40b25b6638e0fb06f1502678987b78e2e9,2023-06-15T00:00:00Z,2048-06-08T00:00:00Z,https://app.sekoia.io/intelligence/public/objects/indicator--0e981495-b5c4-4a6e-8624-2e284813aac7
d71c572c11e2acdfe58b7fc83ce68c58d31565407f6f6075d2c5eb5c3d2987fd,2023-05-31T00:00:00Z,2048-05-24T00:00:00Z,https://app.sekoia.io/intelligence/public/objects/indicator--0f2e37b0-aaf6-4949-bbfd-ac1a1fb80546
05f69760060e36b8efda4fe6f3290e8a71fd613e1fd378ff16e9732fd7f94208,2023-05-31T00:00:00Z,2048-06-09T00:00:00Z,https://app.sekoia.io/intelligence/public/objects/indicator--0ff63db4-a165-4775-9fed-f32dcaa39568
168cbac3871ccc1e57ce2954add4a980f1dc6b644add5b836335b46975f9fb17,2023-05-31T00:00:00Z,2048-05-24T00:00:00Z,https://app.sekoia.io/intelligence/public/objects/indicator--10283355-ae20-4571-8e69-0a6bdfdacac7
dcdf9c241133701e90aedccbf8747924ab45a4c2aa1bc6fceaa756a3ae03bfe9,2023-05-31T00:00:00Z,2048-05-24T00:00:00Z,https://app.sekoia.io/intelligence/public/objects/indicator--10b6ea5a-4e14-42a0-8141-b34e3b4a6172
9d1fd6ae3a3ccfa8880f916ee95d62b8dee34bbe18d97ed6a42400751bcbacc2,2023-05-31T00:00:00Z,2048-05-24T00:00:00Z,https://app.sekoia.io/intelligence/public/objects/indicator--112536e4-30f4-45ab-8f1f-8e20299e1fa0
88a1aa3a8090811b56615c99014d274501c56acf2d4420935c67fe34ef43fa11,2023-05-31T00:00:00Z,2048-05-24T00:00:00Z,https://app.sekoia.io/intelligence/public/objects/indicator--11635e0b-8927-4b15-a2c8-bd1e2bb551a4
d5d0e91593d7802b9ffb3e63544cc5c4dbff8d5801643460d44dcb5b4c59cc415d539857c63a31036a7a9068caba51db9eb5b734b3d1690d58b512204f09ce0d,2023-05-31T00:00:00Z,2048-05-24T00:00:00Z,https://app.sekoia.io/intelligence/public/objects/indicator--11f56ef8-1912-4a7a-8e84-2838d1774d9e
d22b88fed9bc5fb50a7499fe2c214c8105bf264628d476a16f8e94462e5ca05f158a899355adf0e9b525443f42f4780a67e007faa12c708d196863148d5de751,2023-05-31T00:00:00Z,2048-05-24T00:00:00Z,https://app.sekoia.io/intelligence/public/objects/indicator--1389eb8b-5d53-4885-90ce-da4e4a10173f
06d2a8e8bf217349b3c229663feb451bf094de45c9eba6b7306adfb9e0b77972,2023-05-31T00:00:00Z,2048-05-24T00:00:00Z,https://app.sekoia.io/intelligence/public/objects/indicator--13c5d490-9ceb-4851-ab9f-0ed27eae9bd4
cd04d8a0ed33a0b6ea289f1c60b33285931365b6a9e5860164e5870f448171606d168ea4632a13c471069004e7f475957e6b4b70b06123d845bf1cce76407788,2023-05-31T00:00:00Z,2048-05-24T00:00:00Z,https://app.sekoia.io/intelligence/public/objects/indicator--13d2e09b-6af3-4251-961c-f806c8b4e5ef
917731ffd70ae2de46cdd91f8ff2ae649a2eae6f8356772c250e071dd5b8efff,2023-05-31T00:00:00Z,2048-05-24T00:00:00Z,https://app.sekoia.io/intelligence/public/objects/indicator--13d591dc-4fe5-4567-8371-90b26ded50e5
hxxps://slackmessenger[.]pw/slack.zip,2023-06-01T00:00:00Z,2023-11-28T00:00:00Z,https://app.sekoia.io/intelligence/public/objects/indicator--1582a73d-1595-49ad-9c63-1bea7741b65a
7ff5a77d6f6b5f1801277d941047757fa6fec7070d7d4a8813173476e9965ffc,2023-06-08T00:00:00Z,2048-06-01T00:00:00Z,https://app.sekoia.io/intelligence/public/objects/indicator--167fae6e-3059-453f-b472-ce3749e3fb74
a11266ac7f051fc8ef89ae8a003dd7d27456891e835754d40b706d08c0446d1a176eb2ff3673dfb3a351b8e59856db4902b90d44195c9c3d88a99d3fdaeb35d4,2023-05-31T00:00:00Z,2048-05-24T00:00:00Z,https://app.sekoia.io/intelligence/public/objects/indicator--17e09c37-6a9b-43bb-9787-fb47802cec01
c301699a6cb7f1c365bf70e39aaaa90def285a043bb28e2597a4b7ef50ccf7d54ff9356a8ee293cef96f26dc5579ab1a7b2932d6ebb51969b0f90371241bd8c7,2023-05-31T00:00:00Z,2048-05-24T00:00:00Z,https://app.sekoia.io/intelligence/public/objects/indicator--180b5db3-b924-4b11-9993-8365c73b382a
c223764ffb89b13a301904593045a5a5ae7b4eeb0d4f4e21c2a53e072d3d12f3e654f4a750a71fbb9679206c8682dc0664ff167ff142d03adb110e956923bdd2,2023-05-31T00:00:00Z,2048-05-24T00:00:00Z,https://app.sekoia.io/intelligence/public/objects/indicator--191119ee-928c-4b20-9a94-9610ceedd875
483984c76615ea1e0a45bb522ff9fa3dc709fa244e2c92a0eb8461b426f3b80a,2023-05-31T00:00:00Z,2048-05-24T00:00:00Z,https://app.sekoia.io/intelligence/public/objects/indicator--1962ef5b-e251-4f57-ae65-011021057e3c
634d8823e5df655a9dbedeaf1e8b499a2e94b9f2405d0cb90887d87068f8728b,2023-05-31T00:00:00Z,2048-05-24T00:00:00Z,https://app.sekoia.io/intelligence/public/objects/indicator--1994bcfd-b0f9-4077-9e20-77f6639d6407
87c7a315b3704c5a958562a527f68ea7eb44e3ab37af03dc0e9323cba48830ef,2023-05-31T00:00:00Z,2048-05-24T00:00:00Z,https://app.sekoia.io/intelligence/public/objects/indicator--1a08d4d0-5c06-4074-9d44-fce384ee12ce
446ac88bfc719f67ec8901ae105866bf9b0050042a9956f08aa548e5a3b66410fbb67f80fb1eae7a1d8f007e6f047e14c582e64e2e843d33f72a1463980e7b7a,2023-05-31T00:00:00Z,2048-05-24T00:00:00Z,https://app.sekoia.io/intelligence/public/objects/indicator--1a64a1d0-c75b-4624-9298-c83a46222eab
af9e42d5df8654006c00bbce64fc86a752294471958c18035436567d2f468c1f,2023-05-31T00:00:00Z,2048-05-24T00:00:00Z,https://app.sekoia.io/intelligence/public/objects/indicator--1ab7723f-03bd-43bf-bc37-cec1253f8717
7afcc9264d7211c13a83d1e7a0207a2f8f67dc0244df3d30c46d8919a41088c1,2023-05-31T00:00:00Z,2048-05-24T00:00:00Z,https://app.sekoia.io/intelligence/public/objects/indicator--1ace8f04-3cca-4ab5-8e4a-05453a686f54
c206e56bf6676256b66eb4fe069eb272b907e9289e521b44f481a0d8345ad2d8,2023-06-25T00:00:00Z,2048-06-18T00:00:00Z,https://app.sekoia.io/intelligence/public/objects/indicator--1c8e4806-7f48-4e72-b076-2971eca4f5a1
129fd7f733acc2db509fc79b7da003712f5a3c6b9f0f649c4212b3c458a19fa3,2023-05-31T00:00:00Z,2048-06-07T00:00:00Z,https://app.sekoia.io/intelligence/public/objects/indicator--1ca3595e-9d5e-4d03-8f0a-c8effafe1a09
1fa1371bc69f0297538d8709047e44be63a21583193792a27adf55170b3dccda,2023-05-31T00:00:00Z,2048-05-24T00:00:00Z,https://app.sekoia.io/intelligence/public/objects/indicator--1d4d7002-057d-4608-b37b-141301ac7570
9e3be52ccd071ca9d0101881849fe19e5d083f3b562ef3f48ad90a1a3a34165a,2023-05-31T00:00:00Z,2048-05-24T00:00:00Z,https://app.sekoia.io/intelligence/public/objects/indicator--1f33fe4d-4d24-4079-a154-5525e3038b91
b178c4e6a85bc984d5675aec36b922780012f07356239c2f7724d291d1d47f61,2023-05-31T00:00:00Z,2048-05-24T00:00:00Z,https://app.sekoia.io/intelligence/public/objects/indicator--20056c22-2303-4597-b954-5999a454b1aa
9413a2649dfe79abaaecdada6d0cd317c6ec556cea1d71883f4034510c16d2d535705ec59727934829de3d6b57f5c18bc0b4de047d601e7244457b791c8b0890,2023-05-31T00:00:00Z,2048-05-24T00:00:00Z,https://app.sekoia.io/intelligence/public/objects/indicator--20612857-6cb3-4772-b700-8d44fd7e70e4
862c8ac2aeea552f5d5cfe62cc8d091ca6a4c489521d27c4d22dcf3d6430638b,2023-05-31T00:00:00Z,2048-05-24T00:00:00Z,https://app.sekoia.io/intelligence/public/objects/indicator--2178ecea-5e9d-44f0-a92c-c0a90a56ce20
7b6485ae2d3709293574cbacf71522aa6bf8a9c95cb600470ec2293633f09eefbf544795cde2ae05e38930473497bd6104a3df5bc765d1d2c038586a96813905,2023-05-31T00:00:00Z,2048-05-24T00:00:00Z,https://app.sekoia.io/intelligence/public/objects/indicator--219b801a-c039-4117-9764-c4c2d33c26c3
babeca67693fec3390c506fbf7a782e8f83cfc8419f4deea3d0bf3404edd4c6e,2023-05-31T00:00:00Z,2048-05-24T00:00:00Z,https://app.sekoia.io/intelligence/public/objects/indicator--220abf85-910e-4c74-9274-3faf6dc9fc02
18ea1273b7d89eddfc42881bf171ca6f3407b145256a59861cbd845200f594d71d35bd393c6595f4c67d838ef1e103c6a9551bbb44b6bac466acb2bffda63477,2023-05-31T00:00:00Z,2048-05-24T00:00:00Z,https://app.sekoia.io/intelligence/public/objects/indicator--22318ba6-3e2d-4b9f-8a60-0f823b856c30
ab17537a0367b74da8655bc48ae20bdc3889f5b9ec77a36a74eac533ffffae2e,2023-05-31T00:00:00Z,2048-05-24T00:00:00Z,https://app.sekoia.io/intelligence/public/objects/indicator--235f43a0-6934-4c82-bd06-597dc6f9b202
hxxp://5.42.94[.]169/customer/770,2023-05-31T00:00:00Z,2023-11-27T00:00:00Z,https://app.sekoia.io/intelligence/public/objects/indicator--23c94b2d-4c8b-41bd-8293-2def54ef4585
8c8cb1f90745a00145b3ec9312f511446735a10f3d3610de31f4be8900af606e89d3bb398bbb02f1f24b78d795af3d074752b14b5e602ef54b7777be791d6eb0,2023-05-31T00:00:00Z,2048-05-24T00:00:00Z,https://app.sekoia.io/intelligence/public/objects/indicator--2563af58-c2cb-4938-8cc6-cc6f0658a661
5c3abcf065f4aeb261ecc274ad91f2de8cf0c49f2a342a49335cf5cea068fd24,2023-05-31T00:00:00Z,2048-05-24T00:00:00Z,https://app.sekoia.io/intelligence/public/objects/indicator--258f1aec-c6aa-4874-980c-38a8c68368d3
2725f4ac499bf0395e63dfc5008d92c29e41462530c7f3a815e42dbb8d6ee44d,2023-05-31T00:00:00Z,2048-05-30T00:00:00Z,https://app.sekoia.io/intelligence/public/objects/indicator--262500b6-0afc-4c8c-b7be-ffd0d12897bf
c4a2919dffc2bd66f5b445a25425d058c5f38fa5165f6bcc492a9646eb07e5ab,2023-05-31T00:00:00Z,2048-05-24T00:00:00Z,https://app.sekoia.io/intelligence/public/objects/indicator--26e61bca-e1fb-43d9-b921-c491e6da2569
322620877aa4a41de2c4c1954f978ac7266dcdf87ab65697da5540fb6269936a,2023-05-31T00:00:00Z,2048-05-24T00:00:00Z,https://app.sekoia.io/intelligence/public/objects/indicator--27ad5cc7-7e2b-402d-980d-4f4c94295618
9a4df255c6fb721be92cd1769b1faa11b6b49bd208b9b35a20ea44699d77516d,2023-05-31T00:00:00Z,2048-06-08T00:00:00Z,https://app.sekoia.io/intelligence/public/objects/indicator--28568c97-7e6e-49ef-8313-f22e249076ec
6d1d02fa632610ac1da803d622353f0943aab30f19827e7da3fa0e02e681a04a,2023-05-31T00:00:00Z,2048-06-07T00:00:00Z,https://app.sekoia.io/intelligence/public/objects/indicator--2901fd78-db29-4fc5-a36b-07fe16dbc01e
2e000dbb94864d56db71598e0aed1485264f63cbd91ea61c7ac348b56750a51e,2023-05-31T00:00:00Z,2048-06-01T00:00:00Z,https://app.sekoia.io/intelligence/public/objects/indicator--290faa5f-c781-495c-91fc-79bd535f14cc
3523927acf11834681866f7e9f82482b2f6d4c4f2b8f92971738084b73f7e40031512f9365c3c2e2325601705b3fcf0223891db97a2b73c747629221d2520880,2023-05-31T00:00:00Z,2048-05-24T00:00:00Z,https://app.sekoia.io/intelligence/public/objects/indicator--2922493b-3621-4bf3-979d-20f293350bac
5d2a99763c307b8cacd4fd9c5937ba57a5e7aa30f8dc79f0227971c8b9e0f2a0,2023-06-14T00:00:00Z,2048-06-07T00:00:00Z,https://app.sekoia.io/intelligence/public/objects/indicator--298528fd-d909-4342-a3fc-03a23ca86c87
0b28a052288f8d46d5d7e9b49f61605af3886a52147c362ba5de8154aa61fb43,2023-05-31T00:00:00Z,2048-05-24T00:00:00Z,https://app.sekoia.io/intelligence/public/objects/indicator--298b6fec-8058-4d76-aeb1-8d4436ec1371
b4e549daa065afdd50a9db37a34e095d0d41edd707fa68382f89473c8d0b2fc252f2b39e788309257ec8c9181616b7ec048fac5620951363eab9e1d3146bfcad,2023-05-31T00:00:00Z,2048-05-24T00:00:00Z,https://app.sekoia.io/intelligence/public/objects/indicator--29bbfeca-2c13-4a27-ab05-8c8ebc04d844
944d3a3550ddc25dd2cc080ed14501daf1681c377a3589434cd35bdb274c8633,2023-05-31T00:00:00Z,2048-05-24T00:00:00Z,https://app.sekoia.io/intelligence/public/objects/indicator--2ac05f59-7674-42a7-b8f7-564e15c7ee7d
4f4a3477cc7e6ac1ea965e921b1a9f0950754e708daace8baaeec87af37efe4dd1bf0679bffa2be63b0b4b94bb4d992191afe8c4c922ee57f3070fbe1ebbead2,2023-06-08T00:00:00Z,2048-06-01T00:00:00Z,https://app.sekoia.io/intelligence/public/objects/indicator--2c77f7ef-6bd6-426f-ac7d-849105f57eed
8ee291c9153a33f1f76ffd3c67d69162c6459cfde019634707339ddbf2793582,2023-05-31T00:00:00Z,2048-06-09T00:00:00Z,https://app.sekoia.io/intelligence/public/objects/indicator--2ce0303c-3231-4dbe-b709-b2f8f9b606dc
ceb64a3a70cc33151537900cb5062cd58b30aeaa9c24e7ad7f24169c329b21ec,2023-06-16T00:00:00Z,2048-06-09T00:00:00Z,https://app.sekoia.io/intelligence/public/objects/indicator--2d360e01-234c-40b4-bd4f-2cba518f48ae
5df87e9f91c4582dfb980ff5260bc12f123a6cfdec70fe00745edef4f567b36e,2023-06-16T00:00:00Z,2048-06-09T00:00:00Z,https://app.sekoia.io/intelligence/public/objects/indicator--2eaf8610-47cb-4fb1-9864-df4dab914a23
1d24f043f476008cf5184a85d05e5bbf97a8e2b25c467f79ee1298f773365154657b7a80d0de4183871e8adf101b3b9ae268dabca6f332b63d3ddb7cd9274446,2023-05-31T00:00:00Z,2048-05-24T00:00:00Z,https://app.sekoia.io/intelligence/public/objects/indicator--2ffdebeb-a111-4dc0-9475-4b7b88c79e42
d95d973c53d4d9602be9bc7c475fb6bb462217ddb1f8555226b18009311e31b869b2d7eef8db6aa185e90e62ef57089a4b0f0d08c2672fda2b7d9687a0612fb1,2023-05-31T00:00:00Z,2048-05-24T00:00:00Z,https://app.sekoia.io/intelligence/public/objects/indicator--31a1c6f8-cd1e-43a1-9974-fc0e0f551dde
fc70cef3f51f8b5e650acd5afa66201338493dd97c709db8aba538952f76759e,2023-05-31T00:00:00Z,2048-05-24T00:00:00Z,https://app.sekoia.io/intelligence/public/objects/indicator--32b55bfa-0d5e-4f2b-ad05-009597f56d6b
9e753b1878ada4a5bb72e8369dce74bb0406e7770d7a284e83513ddc59a5f2a4,2023-05-31T00:00:00Z,2048-05-24T00:00:00Z,https://app.sekoia.io/intelligence/public/objects/indicator--33059540-c066-47e5-8176-9ee2f6cb8aab
a371421bfe2b541c078fc43b008a4e27,2023-06-08T00:00:00Z,2048-06-01T00:00:00Z,https://app.sekoia.io/intelligence/public/objects/indicator--341c06dd-5f99-40ec-899c-433c2f4ac182
3091ea0f7f0d2964facaf7982533f106dde887ce285012884aab2dbc98e248e2,2023-05-31T00:00:00Z,2048-05-24T00:00:00Z,https://app.sekoia.io/intelligence/public/objects/indicator--35a41a6c-168d-41a7-af7e-982e052585cf
37bfa765203023114b6f2829d6997d80f938eabad486d3ac2457ea5d89331280,2023-05-31T00:00:00Z,2048-05-24T00:00:00Z,https://app.sekoia.io/intelligence/public/objects/indicator--364caff9-86c5-455c-a621-04eef4d3ae6a
566f2b3a916adf67ea2c1d62123991e993b08272eaea1fab6823b8cca43111b2cb4a5eddcf72fe24a1446847516848cb91f820c1fd82ef1b6e30c9c2abf4266b,2023-05-31T00:00:00Z,2048-05-24T00:00:00Z,https://app.sekoia.io/intelligence/public/objects/indicator--36a8502b-87be-47b3-99ae-6e770a77c677
0d33fdd94e5ecd447f22db8a7cdc13df9e156e8fb641a9be28cc5fd4cd54a55943d203d0e506ee0c3fabd2e172ccd47265b0c13b105fc493645acb53aad31742,2023-05-31T00:00:00Z,2048-05-24T00:00:00Z,https://app.sekoia.io/intelligence/public/objects/indicator--38459f44-f610-4ef5-957d-a872666c7c9d
a2801c5d8ea5986a6888cdbfdf75fa9873fcf900cf5882c56435e7c2c4ea73851d633d674b59cecffc288153bf065e324ae2bed72a0c117c556141200c8f51c8,2023-05-31T00:00:00Z,2048-05-24T00:00:00Z,https://app.sekoia.io/intelligence/public/objects/indicator--388ac7e2-6679-4965-9423-2b69eafb5f65
de889aad889956073fb46209afe335a9c2f5871668a2be5b3b76bfb3dfeb16cc05bf9cafeaeb9fcf9e2c3182d8cd6ac8bea25bd88a1a138832dca765398de380,2023-05-31T00:00:00Z,2048-05-24T00:00:00Z,https://app.sekoia.io/intelligence/public/objects/indicator--38bf7e3d-69d7-4d6b-9456-f99dd1f36637
e1c829fe4654bc35f30e966f760ae64fd3796de0a0d1cb638f288e23a37d5b9a010306df1a2854f318c82c0d1f308b3c8873300acd75f3e895932ab9de7a4c10,2023-05-31T00:00:00Z,2048-05-24T00:00:00Z,https://app.sekoia.io/intelligence/public/objects/indicator--393fdd98-64ef-410d-8eef-ed9e6eb5564a
e5373704492a7a9a6acc770be2350d7fd6c0e6ffd7dec25b8a7d4da7210e7df6,2023-05-31T00:00:00Z,2048-05-24T00:00:00Z,https://app.sekoia.io/intelligence/public/objects/indicator--3941b60a-7403-4228-b547-5c3ce3e7c27d
66a1d594ed635f0ebac820585249f3ef86c605515e550150455b39bae63f6aac,2023-05-31T00:00:00Z,2048-05-24T00:00:00Z,https://app.sekoia.io/intelligence/public/objects/indicator--3a2812d5-091d-4c3f-be7b-0e747ae07b36
b4b442091218c00078b4acc8399b7ffb4d369fe7fbaa5184a5b8d50b93827e19,2023-05-31T00:00:00Z,2048-05-24T00:00:00Z,https://app.sekoia.io/intelligence/public/objects/indicator--3ad64bb9-f066-4107-b4c1-c782f9ef8eae
97268044dc7eb3d794926e62b986204ba600d41c06df38d8089a6c4de7274020,2023-07-01T00:00:00Z,2048-06-24T00:00:00Z,https://app.sekoia.io/intelligence/public/objects/indicator--3bacaf46-ce9d-4e64-b381-b327e11bd226
2b6100a74b631f7d0c514195c10a0bc136b1886429fb609cebb51012f4027c46dabddcfbd758a8defe2489747b081cfe28461498b3d6c4578377384d26e449f8,2023-05-31T00:00:00Z,2048-05-24T00:00:00Z,https://app.sekoia.io/intelligence/public/objects/indicator--3c3b1127-989e-478a-8f90-533fb3eb45b6
670bc9a86f72af2ab43a89c576a4e1874ce188b35a1f5656ea27f4b7ac3d5f09,2023-05-31T00:00:00Z,2048-05-24T00:00:00Z,https://app.sekoia.io/intelligence/public/objects/indicator--3c451d69-4efb-4777-85fc-e5272c6d073d
72efa4d99530a4febcca0c08e223d62d9f41b1d9563b92739cf35e3c6f64246014f2ce8e676126d432a3a832a3ba4d887023ec0b8c38279c964b1ce2ce97cb7e,2023-05-31T00:00:00Z,2048-05-24T00:00:00Z,https://app.sekoia.io/intelligence/public/objects/indicator--3d39d3fb-5e82-4b38-87cf-078d44de0a7b
14dece81368bd32ece1d768de5c8a5b7d19988831116fa9cf5b787f82b0af737,2023-06-14T00:00:00Z,2048-06-07T00:00:00Z,https://app.sekoia.io/intelligence/public/objects/indicator--3da056ca-cae6-4eaa-bada-757962d2e548
0b89f2f8e4073cb3c136c45c6dfce721f391da76aabe81bf297d74144b44bc45,2023-05-31T00:00:00Z,2048-06-11T00:00:00Z,https://app.sekoia.io/intelligence/public/objects/indicator--3da3788a-693c-48e6-99a8-dec8b0a3cec3
ba9a124af0ec0ce7906b2505f236f4e98fdec8a73f88c04236586f391c77cb79,2023-05-31T00:00:00Z,2048-05-24T00:00:00Z,https://app.sekoia.io/intelligence/public/objects/indicator--3f0d938e-9659-4fc6-83be-a7bbd9a56871
213ecc88414b141e307b60e5f08c9a74104d2847c2ca8cdad87ce13daa9979029fac02307a9207c166ee59fa1679166a868859fa5e0899de8ac95355d655fb50,2023-05-31T00:00:00Z,2048-05-24T00:00:00Z,https://app.sekoia.io/intelligence/public/objects/indicator--411f7f86-85c5-4f2a-8617-a5cc6ac544ca
edda56f4083d273bbc66b63f5fafe1c920219da622d102835a8f3e0499deb6cb,2023-05-31T00:00:00Z,2048-05-24T00:00:00Z,https://app.sekoia.io/intelligence/public/objects/indicator--4167eb53-423b-4327-a0c9-f30c52e40818
1ddf3c0b4dcbb4103d24b6a5bb3308dff706c9d9277d411be3f9356e9040e67b04c0c02c9c927ba60c5723a50d746287de34cff5545003a0aed3596ec13fd7b2,2023-05-31T00:00:00Z,2048-05-24T00:00:00Z,https://app.sekoia.io/intelligence/public/objects/indicator--41d5539f-8e41-4170-b3bd-ca57a591fe92
6f719f422398b518b3a3d8e56fd2135d5d5b3258733f01170da2a671e2f5e533,2023-05-31T00:00:00Z,2048-05-24T00:00:00Z,https://app.sekoia.io/intelligence/public/objects/indicator--427faa03-c42b-42f4-b599-5fb86e86eba3
8f1c129fa76069993fc4a18df96ce5d52b06de282ef11167262ee60f729f0046,2023-05-31T00:00:00Z,2048-05-24T00:00:00Z,https://app.sekoia.io/intelligence/public/objects/indicator--429620aa-0477-4f4c-a42a-2778abd14060
4fa787d3e3d6eb722bb623616751d18cec8f8a4427c33fc5d12d354d40d05f90b35afa9d735b2fbb551dc2f0ebb85d694d87bc2cac4ffb9d7b7fc997f73f6be0,2023-06-08T00:00:00Z,2048-06-01T00:00:00Z,https://app.sekoia.io/intelligence/public/objects/indicator--431a2c24-420f-4c3f-8b20-f3a43988bb29
ab23b8e70d684ac8cff4de7f27b64f09bd9e84cbc0759323ecfa9cc6536b266b,2023-05-31T00:00:00Z,2048-05-24T00:00:00Z,https://app.sekoia.io/intelligence/public/objects/indicator--46bb9a3d-61e7-4be0-83a5-7a0d7a42a7ac
f86a9d53c17888d6a9dd8425292fc99ad2832c3d4160867bcd67820f0b5c025f,2023-06-17T00:00:00Z,2048-06-10T00:00:00Z,https://app.sekoia.io/intelligence/public/objects/indicator--46fd35b1-022c-4095-9af3-5f77c27b0ee2
ff8519cd98ffeba39f1677addc097dbc23a0dc0ef482b377209f7428466f0a81,2023-05-31T00:00:00Z,2048-05-24T00:00:00Z,https://app.sekoia.io/intelligence/public/objects/indicator--48a848bb-fdca-427f-8412-7d1a7fb84cfd
e83886285faad24222c329dd5762e315bdbac10820c93bb9a5ab731766486e54,2023-05-31T00:00:00Z,2048-05-24T00:00:00Z,https://app.sekoia.io/intelligence/public/objects/indicator--48f1693b-32a3-4b29-a537-0be848a14223
07e5075ead822797b238e3a14b05921cbdce0e126166870fdb12b8b404e8db37,2023-05-31T00:00:00Z,2048-05-24T00:00:00Z,https://app.sekoia.io/intelligence/public/objects/indicator--49d5b392-7b30-4d41-87bf-5841e258139e
d010d1633f727bd36cf99b85b2dfe1d5e0998edfb6e572622ef3b11255bebd69,2023-07-05T00:00:00Z,2048-06-28T00:00:00Z,https://app.sekoia.io/intelligence/public/objects/indicator--4bf9caf4-2c44-484a-bd61-3849a9b9d893
07dec658f7c9293e21720270288e755e85258356de3f286969f9e3d17724fae6,2023-06-19T00:00:00Z,2048-06-12T00:00:00Z,https://app.sekoia.io/intelligence/public/objects/indicator--4ca5724a-9303-4112-be1d-9bf1e7612967
935183ef75fd7acf057773d96b9e41ea419a2705afa21193b13b763655d8659db5be141aad210e0afa241036b0d0610444de40b68168ccf711059be14ad8c890,2023-05-31T00:00:00Z,2048-05-24T00:00:00Z,https://app.sekoia.io/intelligence/public/objects/indicator--4cb2180b-412d-440e-968c-9c2e339208ab
9d38bc8481904c257f0dbf84c75db058128c963c5f40bf84c8b84bc344d52977,2023-05-31T00:00:00Z,2048-05-24T00:00:00Z,https://app.sekoia.io/intelligence/public/objects/indicator--4dc95777-d7af-4d26-a659-62c6b8785781
df20da9a40943759007d998f1c4bdf19290d7127cb4da7aa8ded49bac16e2254,2023-05-31T00:00:00Z,2048-06-08T00:00:00Z,https://app.sekoia.io/intelligence/public/objects/indicator--4e4b1743-e06a-409a-8bee-b841e532f6b9
5df181eb3c1456d7942376ea03cec5a5a78f04ab83d3c2b35dd8c8fedfd0f9102ca29749c998569413bf8b486c3ae439220eb1fc0d381c673ff3881698590c95,2023-05-31T00:00:00Z,2048-05-24T00:00:00Z,https://app.sekoia.io/intelligence/public/objects/indicator--4ef19510-54d8-4348-8f65-1ac568f6604b
d98649ab0b002a4bfadb31ae0105b61153cf17ba39e1f81a6c6d697e39958d62b7384e15332e5eb9ca97910e15dfb3774666740c851ecde8aac65eba803e6c6b,2023-05-31T00:00:00Z,2048-05-24T00:00:00Z,https://app.sekoia.io/intelligence/public/objects/indicator--4f0127c4-24ec-49a7-a005-144a2fbe6b33
f0a7da372db1c610e285d94b0d751c4bb80a4acaeeaf31fb104c8e2c0b5449fb3244b070b78ffe964ea0905352799c53bc9848cba56d78b724cfb49cb771a132,2023-05-31T00:00:00Z,2048-05-24T00:00:00Z,https://app.sekoia.io/intelligence/public/objects/indicator--5089396f-2799-4848-9710-df0af413142a
5ebf1ca08f3f13b64f3eb39dc26b7d45deb0e450f8fada4cc0475509b22c99b8,2023-05-31T00:00:00Z,2048-05-24T00:00:00Z,https://app.sekoia.io/intelligence/public/objects/indicator--509c4fb7-8339-45b5-aa35-f5f401698555
e954d9121a47542c13f373d293d101d6d67a54133067230ca9633eba3a5df37a,2023-05-31T00:00:00Z,2048-05-24T00:00:00Z,https://app.sekoia.io/intelligence/public/objects/indicator--5161d0f6-2fb8-41bd-ba32-8d4e4d947d03
7364d47dc56ff5da88efcd097593c02a13bd8a3e3f071fbb38b9d222461a9d265ee4f385b6408458100f993eb36ca692d97eb5d3a75db9c0f89f239276127dca,2023-05-31T00:00:00Z,2048-05-24T00:00:00Z,https://app.sekoia.io/intelligence/public/objects/indicator--517d5fb7-32df-4cec-a8dc-ae9c9dd7c6de
cd4c52703101654235549b73937919f1525c4c89e0eeb0b37707b7fe1a39db8b,2023-05-31T00:00:00Z,2048-05-24T00:00:00Z,https://app.sekoia.io/intelligence/public/objects/indicator--52150822-30d7-40fb-9f15-acca1636c143
4ba759643c2fdb542b88b02aef8a6ed88f5075b031639dcf46d4a545c09aff32,2023-06-21T00:00:00Z,2048-06-14T00:00:00Z,https://app.sekoia.io/intelligence/public/objects/indicator--52856526-a1de-47e7-a020-d2c52b938018
f63a1e7c99c43369be0924f3961caf0b794c8db97e1b31863567bc583f618dd95dc64ca02a19b481fba70bd7de6d90f05c62144bb502efdb0b6644b76882235f,2023-05-31T00:00:00Z,2048-05-24T00:00:00Z,https://app.sekoia.io/intelligence/public/objects/indicator--53136a65-273b-4699-adc5-cac906d514af
62c02146d6fb4433127d23d24ee5749aaf7bc38b11739161e3aac1887f6e9509,2023-05-31T00:00:00Z,2048-05-24T00:00:00Z,https://app.sekoia.io/intelligence/public/objects/indicator--550f5f45-34de-4665-b141-21019100731a
bd71e0b3b7429d8d2a17c638344b48a47f0fa45a71004f73c2bc214381102091,2023-05-31T00:00:00Z,2048-05-24T00:00:00Z,https://app.sekoia.io/intelligence/public/objects/indicator--558a2035-0cb2-4bc1-8310-a22d1794a582
5f5e76b17e0d0bff7827845d7839d926b1ccd9b7d25f31f621a468aa4fa8f50c,2023-05-31T00:00:00Z,2048-05-24T00:00:00Z,https://app.sekoia.io/intelligence/public/objects/indicator--5642b7e1-1868-4f31-bc0e-c7a610d409a5
08315d1d90581dc0d3d5c50bcffe498b852a001269d55cd8585fc121d044dbb1,2023-05-31T00:00:00Z,2048-05-24T00:00:00Z,https://app.sekoia.io/intelligence/public/objects/indicator--56931b26-99ce-461d-ae62-3cde6a0332c6
bbef69fa515f02456dbfccd72d7711205afdc58ff107751bd50aa4d88412e59e,2023-05-31T00:00:00Z,2048-05-24T00:00:00Z,https://app.sekoia.io/intelligence/public/objects/indicator--56f7dad1-1b50-4d71-b605-5318d77d2972
3d85c2571969b2a54f61f766f8b4ec4e167048d9b28b63ef742e7c0114d4f575,2023-05-31T00:00:00Z,2048-06-08T00:00:00Z,https://app.sekoia.io/intelligence/public/objects/indicator--5789288f-d21e-4202-a9aa-171c6e135c35
ade60b15fdb530e797b7473e5a041cd36ed06c5e9582c5abae247def97b0f021,2023-05-31T00:00:00Z,2048-05-24T00:00:00Z,https://app.sekoia.io/intelligence/public/objects/indicator--57fbe495-7a80-4b81-b9af-6da251968828
28332d3e7e3ec9047ce5a3d3304764345680189e9def1eb54565d7c952bc9bc3,2023-05-31T00:00:00Z,2048-05-24T00:00:00Z,https://app.sekoia.io/intelligence/public/objects/indicator--58c5c290-9bfe-40fc-a906-8ab341a8f714
df6ccc87107ec4a612fd77053685c07d9cc9ac0e87fa850a5d88ef4c08bc1a94,2023-05-31T00:00:00Z,2048-05-24T00:00:00Z,https://app.sekoia.io/intelligence/public/objects/indicator--5943021a-573c-4ab6-a1d2-0f7132205f28
e4b8d95c2eebab9ab7a9a39eba9f6797c46e73f4a9027d8845bb5963c78fa882,2023-05-31T00:00:00Z,2048-05-24T00:00:00Z,https://app.sekoia.io/intelligence/public/objects/indicator--5976de17-ebcd-4bcf-8d7a-37f361514403
05cacd6294f9c30342ce793cde6c266cc352d7485befcdd706a046d5d31cf2a0,2023-05-31T00:00:00Z,2048-05-24T00:00:00Z,https://app.sekoia.io/intelligence/public/objects/indicator--5a4aeb9c-59fd-47f5-9535-aa2967a4de33
eac2d82a51f16f5643602cd23c7a3dfb68c10fd33320f516cdb8f5eb88924766,2023-05-31T00:00:00Z,2048-06-08T00:00:00Z,https://app.sekoia.io/intelligence/public/objects/indicator--5bcaf210-b521-44f5-a86e-ba572b89eb1e
99fc3ad1e88027d24f06d908abe350f95bb14551b0715bd588fef44aa446d48729ee939f51f7e44907e63cd748644331b006a23b18457c3196bc30c9170da5da,2023-05-31T00:00:00Z,2048-05-24T00:00:00Z,https://app.sekoia.io/intelligence/public/objects/indicator--5c04ac29-c2ab-4dfd-940b-ab9bc1fdd8ae
e22af3952538f15e2a3014add1c8b6e5faa144cddbc6a7104e2a342b7b2330f10feed72dc970f44d1a62ee2c345c56daa647e3522f246cac4af3e8a392dc0323,2023-05-31T00:00:00Z,2048-05-24T00:00:00Z,https://app.sekoia.io/intelligence/public/objects/indicator--5c32f15a-9612-443c-b037-61502d9834ba
7704c8dbfc2d37156f901f866115c22c6a967882bd77de51f2526876bc448b75,2023-05-31T00:00:00Z,2048-05-24T00:00:00Z,https://app.sekoia.io/intelligence/public/objects/indicator--5cce00ba-1bab-4145-9d7d-c38b397914a3
0fcfdb99011ef6887b17d4a06afb161d1c3ef05505dca81b18c7035f793be67d90023912029ff73a077c672456a44d2cec88e36c4cbc8de0242c99401c286daf,2023-05-31T00:00:00Z,2048-05-24T00:00:00Z,https://app.sekoia.io/intelligence/public/objects/indicator--5dba8ed6-bbe9-422a-b741-7abc3a2cdcfc
2b9651d906e1c4e0403652b706a5218767cae7b21178a9687907a5c43ba1eb71,2023-05-31T00:00:00Z,2048-05-24T00:00:00Z,https://app.sekoia.io/intelligence/public/objects/indicator--5ec3b6a1-a053-416c-ae96-edf3f7799244
2192bfb43c0791ddf0c99bab5ae4e243086baa5d70c05bd161d50437a9f65615,2023-05-31T00:00:00Z,2048-05-24T00:00:00Z,https://app.sekoia.io/intelligence/public/objects/indicator--5f3f303d-1537-4b88-b2ed-0822f7d341d0
hxxps://tinyurl[.]com/bdz2uchr,2023-06-01T00:00:00Z,2023-11-28T00:00:00Z,https://app.sekoia.io/intelligence/public/objects/indicator--6101d235-b8b5-469b-be26-95c84bd14518
51603cc333aebb95d4fd2a041bb8f638e71f67904ccf73d4b43a8b18a3ab1ec4,2023-05-31T00:00:00Z,2048-05-24T00:00:00Z,https://app.sekoia.io/intelligence/public/objects/indicator--612ecdee-3ce9-421d-912a-4d92664c86b3
59b7137c0ef51746057b5dfd8ff09168a63e120898711914e7acb67393c109808ec73b77a56265de74b48e11ddc8ab4a81115e9c9435ebe019ec2a48eedad7f1,2023-05-31T00:00:00Z,2048-05-24T00:00:00Z,https://app.sekoia.io/intelligence/public/objects/indicator--61f06154-851b-4135-8088-510af867eb0a
f658d559175e1b34294b7b7907decba7cbdf78a5e35991895df9286b39795e05,2023-07-02T00:00:00Z,2048-06-25T00:00:00Z,https://app.sekoia.io/intelligence/public/objects/indicator--62052e39-c8ec-4f17-b754-f1b153e36e49
6fa9832c53e9ee75a89d4acf701b702dacaa6aba689f0adfa76f5dd411b7bb10,2023-05-31T00:00:00Z,2048-06-08T00:00:00Z,https://app.sekoia.io/intelligence/public/objects/indicator--625918c9-8252-4a73-95ec-ae93ff3f1063
5c1a531739fb775f2d7547486dcf48ab304c1097079aef8793d81f18c366e566,2023-05-31T00:00:00Z,2048-05-24T00:00:00Z,https://app.sekoia.io/intelligence/public/objects/indicator--62bdcebd-dd51-441f-911e-eb9600125023
583e86936d675f4d3dc929eadd9ad3cc493dc1d842779f9f14b5974795466b50,2023-05-31T00:00:00Z,2048-06-09T00:00:00Z,https://app.sekoia.io/intelligence/public/objects/indicator--62ff5d6b-0ce8-44ba-9501-21f07fb8d3f5
bcaa5abd8975ec04be5fbc87b67db06d78adbeddfbf1901388fefda3b7131fc3,2023-06-15T00:00:00Z,2048-06-08T00:00:00Z,https://app.sekoia.io/intelligence/public/objects/indicator--6339452a-d924-41a6-854c-be89fe5f6231
80d7db538f0007ce6bed1a8b5fc5f5dccd3256416fe1f93c393313a0ac2d3377,2023-05-31T00:00:00Z,2048-05-24T00:00:00Z,https://app.sekoia.io/intelligence/public/objects/indicator--6410771e-fe05-494e-a881-9e3d0cc61aec
8196f1fb373e5f08334cb5acf5ce62f027e77a34ee646e3832c81f22f7ee0b15,2023-05-31T00:00:00Z,2048-05-24T00:00:00Z,https://app.sekoia.io/intelligence/public/objects/indicator--6417b148-4512-4cda-883b-618fed012266
9e0e07641bde139ceca64714d6af61a585ab89f675a94c901f7d4969c64b661e,2023-05-31T00:00:00Z,2048-05-24T00:00:00Z,https://app.sekoia.io/intelligence/public/objects/indicator--6441b691-05ee-446e-8b48-f035e3304205
2bfd6a01726317bf2ccf3527bc91fabc2cb151dd62eb974abbaf86c359ac8a0b7c653d8df3f2fad8205542cb5372d1cd44a0b8587ad6b207ca58b4c3dd80e984,2023-05-31T00:00:00Z,2048-05-24T00:00:00Z,https://app.sekoia.io/intelligence/public/objects/indicator--6496ea52-8eaa-42c6-95fa-ccd2eea9dde0
927f7a5ae96689aa8e0e0d1b5a859b84f93ec414f4d6ca8eef0a5914f6497d50c3c6eb53ed3549c6f1fc7f2bba8c483c517b2aa884b4252c0f2f41110f112f52,2023-05-31T00:00:00Z,2048-05-24T00:00:00Z,https://app.sekoia.io/intelligence/public/objects/indicator--65078dee-96a0-4b3e-b430-57b517a6ac8a
1191f13deb7c104671d31a8ca3f82acfb2a9dd838c8352183a5192fab27ef090,2023-05-31T00:00:00Z,2048-05-24T00:00:00Z,https://app.sekoia.io/intelligence/public/objects/indicator--6521eb46-a602-4582-a6e3-69448d1870be
c5dc9d0cb6231ccc64ce3368f9dfe425127006f25e0ff71aefa4f47f4dd2d85df48343cf9c5e899d94f5d64783ee65714bd852f8883f9ff079f2443d08962884,2023-05-31T00:00:00Z,2048-05-24T00:00:00Z,https://app.sekoia.io/intelligence/public/objects/indicator--6581970d-d84d-4ef3-9e58-9c2bbe19f33d
dc6940e3ad3d6f6f8ee8ced055f68d2fa29d1ff7eea6b4d5e197e0673d9b386a,2023-05-31T00:00:00Z,2048-05-24T00:00:00Z,https://app.sekoia.io/intelligence/public/objects/indicator--6780e271-cd01-4062-b4e5-8917bd14f65e
2a8dad48d4a81e1752e71f2f37a53a0ba4625f42bcea193b1783ac2c8f8e308c,2023-05-31T00:00:00Z,2048-05-24T00:00:00Z,https://app.sekoia.io/intelligence/public/objects/indicator--67c0cd7f-f9d9-4aa4-9bcc-48b50cd6a60d
987c7d4dc843417765e3e424d6a3ae36f27a74b9d599b85f5e19646fb935b4ccce75a94bf998b84e31ce6bab8a112d29ec5df17d1823178024def8b527d1db69,2023-05-31T00:00:00Z,2048-05-24T00:00:00Z,https://app.sekoia.io/intelligence/public/objects/indicator--68fb0dd5-1eec-40c1-b151-2fe6f37656e0
0fb484625168a61e6a6a43af5c5a4fb991cb7c290af6c8e9eb4ba54f17c9dcc1078f2d31d9256202ca72de0f608b9c89b2cc50fd531ce57d6332d165ccaf9052,2023-05-31T00:00:00Z,2048-05-24T00:00:00Z,https://app.sekoia.io/intelligence/public/objects/indicator--69d7fd2d-871b-46a6-93d3-a2b81d1a0b02
43235bd395325c4d251fb3105c7c7a912365db479d1b445d25e14e4baa8e5044,2023-05-31T00:00:00Z,2048-06-07T00:00:00Z,https://app.sekoia.io/intelligence/public/objects/indicator--6a753eb4-8b7a-4ba7-ad94-d765db5a0318
e370043fb7f6215723f33a972b4a41b4782b10300e161f9d3a99b717dbf6f441b73bd9a5e10f170498dcf21c745a70bcde4afb517a393467b3f2b5181afc3def,2023-05-31T00:00:00Z,2048-05-24T00:00:00Z,https://app.sekoia.io/intelligence/public/objects/indicator--6b5c7bcf-a8bc-405c-b4c1-df84d3627d76
c90cdb7966026f925b16d3e6ac24492f9efaa50ac742a0cc9de441f1304c8a6f,2023-05-31T00:00:00Z,2048-05-24T00:00:00Z,https://app.sekoia.io/intelligence/public/objects/indicator--6bda7612-acbc-4c84-a487-8d2378549098
c67f499bc0407ef602a9b42e3708d902d1bec57ca4f16514e5d5c4e594800d6b,2023-06-17T00:00:00Z,2048-06-10T00:00:00Z,https://app.sekoia.io/intelligence/public/objects/indicator--6c18bd04-5f6b-4e61-aab7-5bdcd314869b
eabf070e5663a9681fc61f0ab197bf159b130431ec64e9656b73e0cdbde8c4d9,2023-05-31T00:00:00Z,2048-05-24T00:00:00Z,https://app.sekoia.io/intelligence/public/objects/indicator--6dcf41ce-2180-4666-b383-a71a1ce28a79
540f177385b04045330bef2e973bc046f87e2841077fe3bc03739f8f88f2c0a8,2023-05-31T00:00:00Z,2048-05-24T00:00:00Z,https://app.sekoia.io/intelligence/public/objects/indicator--6e3fe799-a5a0-4b89-808f-8e17d6dae5ef
85609647d1a89a0bdcb14e649e74bc764b7ce19d65ff7d9d830c4de845bc17fc,2023-05-31T00:00:00Z,2048-05-24T00:00:00Z,https://app.sekoia.io/intelligence/public/objects/indicator--6e9892f0-18cd-4c80-b138-a1e2e6a43c48
df6e5af3a528ca4235f0dde9f6b7a28f46191c54572eb9228c429c7cc8088f7df406a6992f40bbcbb5a302b54b5aab74fd38cb5aaa53a7e04ef3cfe9c1055438,2023-05-31T00:00:00Z,2048-05-24T00:00:00Z,https://app.sekoia.io/intelligence/public/objects/indicator--702a4956-4d5c-4c67-8a95-6342367784ec
d3a446a89a6841e7b52333333de84ccd8912b62633233fbcf567c38d5f539e7221810f56354b2baef83fec45d0f3ce12e600a88d9058d9076f2c3b7af7f10647,2023-05-31T00:00:00Z,2048-05-24T00:00:00Z,https://app.sekoia.io/intelligence/public/objects/indicator--70936c53-eb34-4ced-a6cc-bf61f97f2d7c
ea5236621e5e5f4fa19ebe4f686c1525b49519646dd3591732012faf6c395759ee80821922aff8331893ef31ec4ee203e3873acc70b4d795b3bc7307fa0cb3e8,2023-05-31T00:00:00Z,2048-05-24T00:00:00Z,https://app.sekoia.io/intelligence/public/objects/indicator--713cc647-2fb6-4b6c-815a-365c687f3c2d
fe5970978974f60b2aece2b3b45aeeb0cf9ac0b3db6035d3fa030b782815ca33,2023-05-31T00:00:00Z,2048-05-24T00:00:00Z,https://app.sekoia.io/intelligence/public/objects/indicator--7143c484-4926-4de2-bb0e-8cf8189d5d80
e9788837938419b3bd1b3db3d0dc0224f2563c8fea737fdbbcd32f5071eee3797cee652b7351d538b00b2eefa283544f278a4d9d3ff6019e8013a1e925b02fea,2023-05-31T00:00:00Z,2048-05-24T00:00:00Z,https://app.sekoia.io/intelligence/public/objects/indicator--71d71312-cff7-46ff-b1bf-8b0ce7afb955
14514357fb1f4235e49067d611893f5f83b0438203c57c66b4750dfd00be501c,2023-05-31T00:00:00Z,2048-05-24T00:00:00Z,https://app.sekoia.io/intelligence/public/objects/indicator--72e0ec45-4d69-4ed3-a432-48060b00098d
9942bac5a1fd7333767d3834518e342ac1376f04eb9c0a4fe27666b59f254ad1,2023-05-31T00:00:00Z,2048-05-24T00:00:00Z,https://app.sekoia.io/intelligence/public/objects/indicator--731f3d5f-d373-48a9-9788-0de2a4b8df96
388b741d7f46dc9c579e7ced1924b8786a5b62f9488be6ed70db0f03efb601e0,2023-05-31T00:00:00Z,2048-05-24T00:00:00Z,https://app.sekoia.io/intelligence/public/objects/indicator--7398f8f7-044d-4b73-9b50-9fe9d6e91884
4d90fdb89ad1b49fac9597943347d6c71b412368eb96fc6ab2e81dd2f9fbd42b,2023-05-31T00:00:00Z,2048-06-07T00:00:00Z,https://app.sekoia.io/intelligence/public/objects/indicator--73ddbf4a-0409-442c-9ffb-de154318b641
c095c290c268eaa15c69a51a054e6ffd885357de7f1f74e61f94cb69947afbcc,2023-05-31T00:00:00Z,2048-05-24T00:00:00Z,https://app.sekoia.io/intelligence/public/objects/indicator--741b1a63-b3d4-4f9a-aed9-1e67ded919dc
hxxps://slackmessenger[.]site/,2023-06-01T00:00:00Z,2023-11-28T00:00:00Z,https://app.sekoia.io/intelligence/public/objects/indicator--74a7c576-fe7f-4831-b922-e5cc2999447f
73b86f79d416dbf52a0a972da140fe94c030cdf8a3a5778a017466cc61fde77f65272305286b2dd7dfc619dc59bc83ab5bdb73e53be4f5a532093aae8164ef23,2023-05-31T00:00:00Z,2048-05-24T00:00:00Z,https://app.sekoia.io/intelligence/public/objects/indicator--74d61384-f523-40d5-8e44-9395ee9f69ba
f2ed61b386bbba90fb31e2c0835e8aab9c05acb1656dfb9464aad6ed21882617,2023-05-31T00:00:00Z,2048-05-24T00:00:00Z,https://app.sekoia.io/intelligence/public/objects/indicator--76036c65-0077-4839-88e7-2f326ef8072e
25fb96694b126e76394f544cc30dac854dee43b0fde6c14f52c19f888359962f,2023-07-06T00:00:00Z,2048-06-29T00:00:00Z,https://app.sekoia.io/intelligence/public/objects/indicator--7871883b-8e89-4b2e-a817-146efbb8b974
c944ce3400013fab1e79b4de2a79d363eaf3c57b50e161bfe483994603bf8293,2023-05-31T00:00:00Z,2048-05-24T00:00:00Z,https://app.sekoia.io/intelligence/public/objects/indicator--787e0e64-b7bb-428e-9c67-85c33ca4e828
84eec94f386f0a5308e90d71b74eda73b7963005eb8a130c58a04005dcdea03a,2023-05-31T00:00:00Z,2048-05-24T00:00:00Z,https://app.sekoia.io/intelligence/public/objects/indicator--78a5b6f8-d1ab-4e0e-bd8c-7211ef5de659
5f5e837404ddbf0fd00831a4334aa65c7021fe322fb0ffe531e1c8d07717b1c7,2023-06-20T00:00:00Z,2048-06-13T00:00:00Z,https://app.sekoia.io/intelligence/public/objects/indicator--79b2b93d-f408-4206-afa4-eff024d100ce
20e0d7139067cd0cc01f2e117bca4c1ca796938556445ad4fe173c7d0544dba6d6ecc216ec7da69fbc42083c9d43c1e22cfea167c9b85791511da9fb1de233be,2023-05-31T00:00:00Z,2048-05-24T00:00:00Z,https://app.sekoia.io/intelligence/public/objects/indicator--7c53040e-f0b8-4c2a-a5ac-dc45298ca0fc
695f138dd517ded4dd6fcd57761902a5bcc9dd1da53482e94d70ceb720092ae6,2023-06-08T00:00:00Z,2048-06-01T00:00:00Z,https://app.sekoia.io/intelligence/public/objects/indicator--7db37868-d1db-4de8-91bf-7a15dd345065
c0201ce7bb9ed30742df47713cfcbce36d69c07c2e92bb65f7c3428dbf110b55,2023-05-31T00:00:00Z,2048-05-24T00:00:00Z,https://app.sekoia.io/intelligence/public/objects/indicator--7eee1b8a-4356-4680-896d-995f15873987
347bf0ca07b92b5b95ab3471d93b26d8894bcbcdaa1ce030d6722776ec6c0953,2023-05-31T00:00:00Z,2048-05-24T00:00:00Z,https://app.sekoia.io/intelligence/public/objects/indicator--7f000302-4ab2-4673-8689-1543bb164636
c50a1167992b76048333261c953ef0869cfe2e90d93289138c7e592d0a84d151,2023-06-17T00:00:00Z,2048-06-10T00:00:00Z,https://app.sekoia.io/intelligence/public/objects/indicator--80019983-2d5b-40ad-b8cd-dc2566365290
02e753ecd767948eafef5edac59405d8f669f58f20d6d2c5980e09f253f809ff0bea8afd7d7197c9d4d3c7ebe6e221e22ced20ae5f29cf2f1d6c1688cd4f58ed,2023-05-31T00:00:00Z,2048-05-24T00:00:00Z,https://app.sekoia.io/intelligence/public/objects/indicator--802bd6d9-8d8e-44da-9bb1-65e9d3ab54c9
d835afb24eb10125fad5b1ae7ca734da7be8cd12f8cca77d4d15fabf2ff5993a,2023-05-31T00:00:00Z,2048-05-24T00:00:00Z,https://app.sekoia.io/intelligence/public/objects/indicator--804899d9-0d5f-4737-b62b-a47d09f04b91
f388a2170fb761c5af1a7e58adfa88331976b0611813c92a63d716e82225a510b4dad1c3e987fb3512258dc0b101177ccaa8059e617deb842f9f026c5f35bf2c,2023-05-31T00:00:00Z,2048-05-24T00:00:00Z,https://app.sekoia.io/intelligence/public/objects/indicator--8052e551-1cf8-4ad8-b2b9-f65b7b7a3d2c
f9db4e4dd0ecb6f81028ab51ab8c2c2509064742ca0153e355fe4f7efc68eb22438821ccaa676e3405c4e1e156112fba7c8a693785800c85d832b0db7abf9690,2023-05-31T00:00:00Z,2048-05-24T00:00:00Z,https://app.sekoia.io/intelligence/public/objects/indicator--8077227e-a28d-4a98-89a7-0adc3dc243e8
19862df13fc26b754871cb4cd45501cf002d97f139999c07febe02ac227ab3db,2023-05-31T00:00:00Z,2048-05-24T00:00:00Z,https://app.sekoia.io/intelligence/public/objects/indicator--81268c7d-c1f0-4b8e-8713-45e0dbc06ffb
e077a4750d796b48738210b4b5bb4b2d58446dd11ce56e3d916648d7ad97450b,2023-05-31T00:00:00Z,2048-05-24T00:00:00Z,https://app.sekoia.io/intelligence/public/objects/indicator--814dece4-0425-4cad-a97a-de2f679dca64
e43e5c816ce04f8fa14c819ff2b5bfc02c03e27a4b0a6b85875ef11ea4d4489f,2023-05-31T00:00:00Z,2048-06-08T00:00:00Z,https://app.sekoia.io/intelligence/public/objects/indicator--82e7b770-e249-4943-a485-4b118722e30f
bc192fee78ede906a6ccaa72e0b826d7caddd68442cd6069b810a158d4e4dab3,2023-05-31T00:00:00Z,2048-06-08T00:00:00Z,https://app.sekoia.io/intelligence/public/objects/indicator--840b2d4b-0903-4f0e-8bca-9dcf5a7f6df1
463a340850fa6bd25b8b3d1a09a4331ec4eaf663c5dcaee402eb88245faac1554f72838733e1a2edd029c27948b1434bb76311a725a5b06cb92783d4942dada8,2023-05-31T00:00:00Z,2048-05-24T00:00:00Z,https://app.sekoia.io/intelligence/public/objects/indicator--845ccbe3-2a33-40b6-b0e7-06dd07dc5c17
93bf5ea4de98ff2ecc87352a3ed6966e2d7d08a6e030017a4169f8e5aa03938c,2023-05-31T00:00:00Z,2048-05-24T00:00:00Z,https://app.sekoia.io/intelligence/public/objects/indicator--84e7ae4c-4cef-48e4-b8b4-d4c38c8b016b
b3f3e333995c946f8902915919da0a0e01866c75f3df577b0706734a65dff783398c2a33876b5b07d8267f5b48eabb3bd1e31ef37ab49f4bf5322c3a0847b503,2023-05-31T00:00:00Z,2048-05-24T00:00:00Z,https://app.sekoia.io/intelligence/public/objects/indicator--84f52731-772e-4b4a-a333-d41568d1458d
d105db26eaccc5e535a4b7e42147ade29d3568de610179f7e5feda67ab14c836995eebaeff96a659db00007d81a9acaa3af6d8b0499f3adec92cc1a6c8f519a8,2023-05-31T00:00:00Z,2048-05-24T00:00:00Z,https://app.sekoia.io/intelligence/public/objects/indicator--867a90a8-fa62-49ba-83c5-d98c2b260c02
b0303edafa79ecbc384d498c3756130ed5a16d99c6aed8697d5ba6358c950778,2023-05-31T00:00:00Z,2048-06-04T00:00:00Z,https://app.sekoia.io/intelligence/public/objects/indicator--86fb9290-66ea-408d-bc1f-7674c0e768c0
f237b3fcf5292271fd0801db18a5d94215d405265999d68e7f071d243b02876f49e8b94150e70ef5a17e5fe14d9c3d9faee8f28efd58bcd918e1e8d9e6dbdcf1,2023-05-31T00:00:00Z,2048-05-24T00:00:00Z,https://app.sekoia.io/intelligence/public/objects/indicator--873d87ad-13fa-4e2d-8fcc-7bbd224ec25f
c56bf0e54f0968a7412439ee196aa7daabe20e14bb955619778cf34b4089f521,2023-05-31T00:00:00Z,2048-05-24T00:00:00Z,https://app.sekoia.io/intelligence/public/objects/indicator--88805a69-bd9e-441e-9cb3-4bc5bca328f0
53d08069f375b8cd9286118acd0a28bad7d9666bb6c7f6f2659d4735ea0aa9632c89e323c378d13d68d2565fb6d128493b85d671e277340832b8de15aeb2669f,2023-05-31T00:00:00Z,2048-05-24T00:00:00Z,https://app.sekoia.io/intelligence/public/objects/indicator--888cf4f9-3739-4527-9c93-c54ded9a0166
7e072bff4a70688efb20a782b71f9a6a95f756d633c07a6edd0d61a8cd617920,2023-05-31T00:00:00Z,2048-05-24T00:00:00Z,https://app.sekoia.io/intelligence/public/objects/indicator--88a1c9e8-5901-4cde-b2cf-c6da8ea23bc9
dbfa2d6cc5a4fb2f70e64784b34054e3b470f11b4dab0cd4a91d482a96095fa2,2023-05-31T00:00:00Z,2048-05-24T00:00:00Z,https://app.sekoia.io/intelligence/public/objects/indicator--890c75f5-8429-4b91-bd71-3010b0e8e43f
717f0177fb422714231d2fa389fc9a2d19821a635f5b8756e1e24db021bc4a26,2023-05-31T00:00:00Z,2048-06-07T00:00:00Z,https://app.sekoia.io/intelligence/public/objects/indicator--8b003884-ef4c-4c68-b0a6-c35feaf8d063
5b993e822872b2f904736345c9f85afde75e78322a9362038e8d271ce3a320e1,2023-05-31T00:00:00Z,2048-05-24T00:00:00Z,https://app.sekoia.io/intelligence/public/objects/indicator--8c4ba479-5261-495e-8168-832273164e55
4d9e0a28423515a1574837873cc75c3c495daebf2247e5353f9028d97ccf3fb6,2023-05-31T00:00:00Z,2048-05-24T00:00:00Z,https://app.sekoia.io/intelligence/public/objects/indicator--8c4ef981-598a-47e7-b298-554326feef70
6fc9b09adf6942876a361295cf5303927551df1df55974a76b7b551f7b509f03,2023-05-31T00:00:00Z,2048-05-24T00:00:00Z,https://app.sekoia.io/intelligence/public/objects/indicator--8d40eff2-b960-4670-bf92-85ded6b3f6cc
3591ad5343bfe23e39ae6514a25588301cb274c53c1d4eb7987f5f99ce5568bb,2023-05-31T00:00:00Z,2048-06-07T00:00:00Z,https://app.sekoia.io/intelligence/public/objects/indicator--8ddfc6c4-054f-4eed-a2e0-03dc3d5fa81a
95979e4eb36ee3760ac076a6b82bee2545d97d5233fdc3da80cd910bc16f41bd,2023-05-31T00:00:00Z,2048-05-24T00:00:00Z,https://app.sekoia.io/intelligence/public/objects/indicator--8e140414-be7e-4c49-87f2-d5f6f4d800ec
3f1b6bb2d9cf56717844ba875e8d26ad0313dca559014f1124b3549dd46891c3,2023-05-31T00:00:00Z,2048-05-24T00:00:00Z,https://app.sekoia.io/intelligence/public/objects/indicator--8e1ff646-83fb-4fac-a80e-b0df3485e6c7
81bf902e398f412013527a59f704e975c6d88c7056b2753966410d619f4da427,2023-05-31T00:00:00Z,2048-05-24T00:00:00Z,https://app.sekoia.io/intelligence/public/objects/indicator--8e4f0a33-301c-4a53-a624-986c1b50aa23
baa8c41c6edf9fd888c15cd02ef0bcf2971e7d5cd7625cea2a7524ece487891230d745cab9cd4ddb1161530b5f539db463d70438156137f88ef0784bf86671b4,2023-05-31T00:00:00Z,2048-05-24T00:00:00Z,https://app.sekoia.io/intelligence/public/objects/indicator--8f5495f6-947c-48da-a315-093a75f860b1
a5df54e4bae0676becd059fa023fbf7bebd89063c163c5692652fd506b022757,2023-05-31T00:00:00Z,2048-06-03T00:00:00Z,https://app.sekoia.io/intelligence/public/objects/indicator--90d5db2a-6110-44ad-b5b9-4c00787c8310
4fa787d3e3d6eb722bb623616751d18cec8f8a4427c33fc5d12d354d40d05f90b35afa9d735b2fbb551dc2f0ebb85d694d87bc2cac4ffb9d7b7fc997f73f6be0,2023-06-01T00:00:00Z,2048-05-25T00:00:00Z,https://app.sekoia.io/intelligence/public/objects/indicator--919e1794-3d6e-482b-9361-aa267a7275b7
34ebf3310839a0bf8ef1874ebee599ffb98032ca17400b34abe1aafc865e1d45760829a854be441d54f1c3ce5ef5d25996359d1af6588e8d71252b39e85970e5,2023-05-31T00:00:00Z,2048-05-24T00:00:00Z,https://app.sekoia.io/intelligence/public/objects/indicator--9239313c-5229-4e04-93d6-5c70a9331ebc
d83ccb3c6df3ae9b70ac49b27b63fcddac2ddac220fc7d1ec1e7b0c8f7fadc2d,2023-05-31T00:00:00Z,2048-05-24T00:00:00Z,https://app.sekoia.io/intelligence/public/objects/indicator--926575bd-d531-4d49-a3fe-05c3d7f3f68c
a8bab5d58dfe9d232da8452e3b52059b8d3b1167fa26c123173c8cdc4e557f98,2023-05-31T00:00:00Z,2048-05-24T00:00:00Z,https://app.sekoia.io/intelligence/public/objects/indicator--92ca8038-8cce-4305-81de-b6e2299e110f
91304f2cba44aa3cd668096f4731a3ac60c3142a1a82e59687f5ae194c26bcc4,2023-05-31T00:00:00Z,2048-05-24T00:00:00Z,https://app.sekoia.io/intelligence/public/objects/indicator--93ae02c6-8172-44c7-87fa-62e1304dc00a
a371421bfe2b541c078fc43b008a4e27,2023-06-01T00:00:00Z,2048-05-25T00:00:00Z,https://app.sekoia.io/intelligence/public/objects/indicator--95974c46-e7bc-4c76-882c-22180457f4c7
a4a86338d24118d20242714da4ac9df72a0954c7c7cfa4be80cb2495b2ced651e328b4fbf1e66ac844f76f838efd591baade7b2dca019917964ac0b7a73c479f,2023-05-31T00:00:00Z,2048-05-24T00:00:00Z,https://app.sekoia.io/intelligence/public/objects/indicator--96251766-9061-4885-9c10-c78b7ce68825
592c9adf709fe34d6f0a9a032f904667afe9037a6a3d30640287104e7d31f1dc,2023-05-31T00:00:00Z,2048-05-24T00:00:00Z,https://app.sekoia.io/intelligence/public/objects/indicator--9696d31a-2cf1-425e-bfab-aae6a34e017e
526fa93f470be467df9aeea5dc2f8be9205e0d9c2bded2759de57eceb4a70d0d,2023-05-31T00:00:00Z,2048-05-24T00:00:00Z,https://app.sekoia.io/intelligence/public/objects/indicator--96b7a93c-0d3b-4c31-87ff-df860a1e555a
304ef4ff142ff8e1279ba17e3972f848cf61fb3f22c7f640882a85bf6e92c003,2023-05-31T00:00:00Z,2048-05-24T00:00:00Z,https://app.sekoia.io/intelligence/public/objects/indicator--96fb600e-d349-43fe-83b0-8d26d2faa9e7
4abaa9697bffaa6b2b74126d2c7b589b687734bf5afd9416a1668d62d1ae1584,2023-05-31T00:00:00Z,2048-05-24T00:00:00Z,https://app.sekoia.io/intelligence/public/objects/indicator--98933118-5713-4639-9224-2565576498f8
018f851f9964256c48637346c9234c41340dfea7fd361c746538ca82bab5f6d9,2023-05-31T00:00:00Z,2048-06-09T00:00:00Z,https://app.sekoia.io/intelligence/public/objects/indicator--995b2ae7-33f9-4513-8b58-fecd9780d63b
4fa787d3e3d6eb722bb623616751d18cec8f8a4427c33fc5d12d354d40d05f90b35afa9d735b2fbb551dc2f0ebb85d694d87bc2cac4ffb9d7b7fc997f73f6be0,2023-05-31T00:00:00Z,2048-05-24T00:00:00Z,https://app.sekoia.io/intelligence/public/objects/indicator--9997fabd-9609-49ba-aa09-78b8a63a7105
94a23ab542ca8fa67994743aa8aea826303d66f4e483ff7d9aba7407820e7990b9624d8dab49de3b769ca8f9c4d90f101ee9ba92ac0a1c6903ea0ad9f12ebe79,2023-05-31T00:00:00Z,2048-05-24T00:00:00Z,https://app.sekoia.io/intelligence/public/objects/indicator--9af00c85-e2b8-4057-912d-c21ff265bd61
f06051cd3088b5665f255af37a383467bcf80a90de3d46517f01568436638f34a96276e824eafbda60850d3ab8e5ff99df07c406d57b98d9bcf8a51a3bc09c37,2023-05-31T00:00:00Z,2048-05-24T00:00:00Z,https://app.sekoia.io/intelligence/public/objects/indicator--9c75b86e-6756-48b2-b906-8a2ed765511e
50490388e380582435f0835bf68ef087d880cacb2a6254a21f778e9d14a9d19d69b59d7b64e492c0f9a5839eefcef8ea2df046d9ff70a5280818fbc0de9593ec,2023-05-31T00:00:00Z,2048-05-24T00:00:00Z,https://app.sekoia.io/intelligence/public/objects/indicator--9ea10c44-6cc1-4269-94b3-0b7749e9fc37
4f5c27bf232c3591762c56fb2d3742801a163aed2ca2c5679e0fa6f08f01af6a,2023-05-31T00:00:00Z,2048-05-24T00:00:00Z,https://app.sekoia.io/intelligence/public/objects/indicator--9eadbf1f-35a8-45a2-a360-5752b289fa28
b34f4fd999492446fe8494c22d2561845ee2864da75948b11a78ed9213f7a218460b6a9ffd75084cb00ec6a2775cafffda7919a0149d067cb27bbf4310d4714f,2023-05-31T00:00:00Z,2048-05-24T00:00:00Z,https://app.sekoia.io/intelligence/public/objects/indicator--9f2f000c-5fe3-47cc-91bf-b883e155a16a
7e4eeb70d0841a05f5b844236b7e46403981207e62c42a54cd96666563323dde85d10358ed1bd43c46ba3c305a0ac7d066021053cf89ac8647dbeab68d94c6ce,2023-05-31T00:00:00Z,2048-05-24T00:00:00Z,https://app.sekoia.io/intelligence/public/objects/indicator--a1411c0d-1fd3-4a09-9a59-77b55d7c5230
3658401f486ba58e53ab3feaa20f9b555a92c08f4d4c55c7488e9754bf9387cc,2023-05-31T00:00:00Z,2048-05-24T00:00:00Z,https://app.sekoia.io/intelligence/public/objects/indicator--a2de70de-12f3-4729-9d61-433b8f07c8d2
f2c8a3b1d3974bb021687336479874ffe78e08624f96b31ecf03a0301b4fb89d9df9cb2b51a96d0bbd55bae609501c5faa760f72788b32d1468db36289eea19b,2023-05-31T00:00:00Z,2048-05-24T00:00:00Z,https://app.sekoia.io/intelligence/public/objects/indicator--a33951e3-293b-4f6c-b721-3fa05c763ab1
e2f9753333392af09bfb6fe1b7ae206a8a3942d6bae202928c99cd91b19812442e65f85cdc905d19665779a3233caca120e378c109eaec96869d44e05082eb2e,2023-05-31T00:00:00Z,2048-05-24T00:00:00Z,https://app.sekoia.io/intelligence/public/objects/indicator--a5a68045-76ee-4ef3-8012-ea388898dd89
d33aca1fbc4abcd40bb1111b99e9594ec9c0250faa59237ed767030a1cc8106d97e15c02a3c8d1d4d89106a1e649aa21103ba6a9482ce2eb8034b261727f4777,2023-05-31T00:00:00Z,2048-05-24T00:00:00Z,https://app.sekoia.io/intelligence/public/objects/indicator--a63ae3ab-7792-45e2-8308-63251f0ba61f
93446de64ce98e2ce7ebf0ef1f4cf98ec591c0e0d4ce15386991e5cdced6b84e4ee651961ef1e7ac39ee057380c2b8b10ab8390fbf1679c75a93291dc88bc8cd,2023-05-31T00:00:00Z,2048-05-24T00:00:00Z,https://app.sekoia.io/intelligence/public/objects/indicator--a65d1c95-4473-4552-8b46-c22dddf595ba
8451195a53dd84dc1c9a78b467e3ea8be1df425972d65f111249c7050f6e06b3,2023-05-31T00:00:00Z,2048-05-24T00:00:00Z,https://app.sekoia.io/intelligence/public/objects/indicator--a6755cb8-9672-4be2-ad22-4c45822fe9be
f6a79cbd3166c1d8c3b42ce48b7b36a3adfce8fbb83a07d591f954e8bdb70d79c98b7506f606bb65537c65707dec7d113d06cd6ebc6172d89fd541f80d00aa1c,2023-05-31T00:00:00Z,2048-05-24T00:00:00Z,https://app.sekoia.io/intelligence/public/objects/indicator--a698b2e7-8649-4d6d-95c0-5affc276a6fc
d9b9071b6ba3008e39cb5b5c1f6241a86057959e29b33ac1600047aaa7a4b6bc,2023-05-31T00:00:00Z,2048-06-09T00:00:00Z,https://app.sekoia.io/intelligence/public/objects/indicator--a6e40032-ee2d-48c7-be65-b6efa5acebfd
a26842becdd6ced8f2b44de90122dbd4cc027348b569ef32703749bac877ca6f,2023-05-31T00:00:00Z,2048-05-24T00:00:00Z,https://app.sekoia.io/intelligence/public/objects/indicator--ac480bdf-1fee-41b1-87b0-e572ef3aeb82
22e33eda4a298f240d8e5e8927472f56972b1b2a54a07354b0f6e7e95d6d67522251a4a5963a0ca2eb3f066d729e193f898f9162476bc5ebbca34dfdc1a72583,2023-05-31T00:00:00Z,2048-05-24T00:00:00Z,https://app.sekoia.io/intelligence/public/objects/indicator--ad9bc3a8-2a80-4746-a2ed-fc7c2b49c6a9
3ea6fa0cba4939a3e35b04099c16c70115763399bd06cfaef9da6fde040b32b9,2023-05-31T00:00:00Z,2048-05-24T00:00:00Z,https://app.sekoia.io/intelligence/public/objects/indicator--af8a0ccd-37fc-4ba3-a01a-e6cc0071c04f
hxxps://telegra[.]ph/Full-Version-06-03-2,2023-06-01T00:00:00Z,2023-11-28T00:00:00Z,https://app.sekoia.io/intelligence/public/objects/indicator--b06db2e0-65fd-4d45-a607-b78a741886ed
c7ed9e933a07b941ea8956093ae476d2ae1e595d8463b5868d544ea14158cbd5,2023-05-31T00:00:00Z,2048-05-24T00:00:00Z,https://app.sekoia.io/intelligence/public/objects/indicator--b09465ea-5a75-417d-937b-eebccc965997
65fe6c4684ace05104d8aa9395655a6cf3a79cb9d91afd5c1f92fff7f43894bc0e06257da6fbfeca6fc00f9f998e4687db936d34cc37a5d7566bd3af77378159,2023-05-31T00:00:00Z,2048-05-24T00:00:00Z,https://app.sekoia.io/intelligence/public/objects/indicator--b0bbdc9a-fca4-4372-93a4-c9fdc0665bc0
2f5441f7283fa4a4dd1b8fa8f01c35e6bbe00d9de31839ad1f36f6d7e478cec8,2023-05-31T00:00:00Z,2048-05-24T00:00:00Z,https://app.sekoia.io/intelligence/public/objects/indicator--b219d46a-9a45-479b-b955-d971f0e2fb59
132ceb2db3820bfcebe3deb60d61426849e506db894b15489b47ede5a675ae4c,2023-05-31T00:00:00Z,2048-05-24T00:00:00Z,https://app.sekoia.io/intelligence/public/objects/indicator--b262d8f9-1ede-4088-b1d0-e88e073cafce
9eea738f35d600b266ef6ff95dc5649465fa55f0770121b019e90b9c7d4cce85,2023-05-31T00:00:00Z,2048-05-24T00:00:00Z,https://app.sekoia.io/intelligence/public/objects/indicator--b3886791-222a-4dd8-8296-0c2df74ad668
89b1f4d25d0d1e69e8b1dabf0d098ce3f60648b8e64273e4cf96ba61ebbb3c56,2023-05-31T00:00:00Z,2048-05-24T00:00:00Z,https://app.sekoia.io/intelligence/public/objects/indicator--b40a6d33-fee3-4ca7-a6c9-92f8a6ccb945
d8d768b85ed011540a66ca5d3a0310e6acaacb18632f132c07160b15882cf0086abb9c1a30ba24da752c25559beb70ccbe75c2a1bc72dfa83a8efe860eb9e38f,2023-05-31T00:00:00Z,2048-05-24T00:00:00Z,https://app.sekoia.io/intelligence/public/objects/indicator--b4df036c-397c-461d-a2e8-ecc0142f0070
28d78a60bcdfd48146170020b0c51d1c2b444587f1710fc2e27db381d22a25e57f84eff8cb1a7f640a20bbfef1f6c9196c82994a3aff40e7eb82267d55ac7de7,2023-05-31T00:00:00Z,2048-05-24T00:00:00Z,https://app.sekoia.io/intelligence/public/objects/indicator--b51966d3-c4c1-483f-9f3f-e264779d811e
ff4934729cc6749f888e20b07a9d50c0e4535c1c2039b48ad33a799199abf0d6afdee2c8955d486ed7f67520c07d5bdf1d6dd2d5ece0997367c86944a4e037cc,2023-05-31T00:00:00Z,2048-05-24T00:00:00Z,https://app.sekoia.io/intelligence/public/objects/indicator--b54b1640-f97b-412f-9f90-973933c6a4f5
09dee9d2f9897ae15925c5f26a098e4817232ebd41b1b5c63ef38b0b459eef12,2023-05-31T00:00:00Z,2048-05-24T00:00:00Z,https://app.sekoia.io/intelligence/public/objects/indicator--b7bfff97-d7c6-4f5b-b9b5-8825f8347e74
5d1020eff5e2a0670f292367c528d5c65b2d85f6dbf24afbcac319a7cdcd4c27,2023-05-31T00:00:00Z,2048-05-24T00:00:00Z,https://app.sekoia.io/intelligence/public/objects/indicator--b7c24833-33ab-4c0f-ad15-125219b078a1
hxxp://5.42.94[.]169/customer/735,2023-05-31T00:00:00Z,2023-11-27T00:00:00Z,https://app.sekoia.io/intelligence/public/objects/indicator--b81d423a-3f65-48c9-9d10-ec5526ece791
4f4a3477cc7e6ac1ea965e921b1a9f0950754e708daace8baaeec87af37efe4dd1bf0679bffa2be63b0b4b94bb4d992191afe8c4c922ee57f3070fbe1ebbead2,2023-05-31T00:00:00Z,2048-05-24T00:00:00Z,https://app.sekoia.io/intelligence/public/objects/indicator--b82d1a4e-2bd1-4b10-814d-dc56fb9f6b5f
9e2c3deaf8d6d45b7bba16a7d85cb061dbe9af87b3b58f17c0a501cbae04d68d,2023-05-31T00:00:00Z,2048-06-07T00:00:00Z,https://app.sekoia.io/intelligence/public/objects/indicator--ba111e49-91d3-45b0-8191-39e752110c1e
2deaca4e59d93319dcf2e337e724b194589e2c0ba4a16c4a3f8da7c47b515826,2023-05-31T00:00:00Z,2048-05-24T00:00:00Z,https://app.sekoia.io/intelligence/public/objects/indicator--ba4e73d8-43c1-4116-9247-016bcd1ceb69
cffbb308f4f495d5a75c70d985e4cb710a5e6ad0e8cf2c5de00cf80c8a3c12a8,2023-06-15T00:00:00Z,2048-06-08T00:00:00Z,https://app.sekoia.io/intelligence/public/objects/indicator--bb56b7a8-856d-4ab4-868c-3e005eb0ffa4
17fba18d187e0e5fc5b9921a7866b76f400460937bc1259c2cb9cebc6b62f952,2023-05-31T00:00:00Z,2048-05-24T00:00:00Z,https://app.sekoia.io/intelligence/public/objects/indicator--bb6ebc32-d8bd-4967-94cd-ea60bdea5302
5a638e9e4a45f551e93236f5491e031fbefeb94a4b27779afc31582b36ac23ce,2023-05-31T00:00:00Z,2048-05-24T00:00:00Z,https://app.sekoia.io/intelligence/public/objects/indicator--bc5bbff4-6bd7-4d29-8823-a338f62ca288
e96daef668d40370e3dc12d14da92827db14e0ac0cb5bc5f5f5401c079bbc067,2023-06-15T00:00:00Z,2048-06-08T00:00:00Z,https://app.sekoia.io/intelligence/public/objects/indicator--bd59f609-5cf0-49e5-8bcc-ba6417265b47
cc5a4a321bebe0b7d294721e1bc045080f5292e63261ff417c4d89bef7c56614,2023-05-31T00:00:00Z,2048-05-24T00:00:00Z,https://app.sekoia.io/intelligence/public/objects/indicator--bd6a4c2e-ddbe-4fb2-b10b-0e8b6a0dbea3
71defd1bab3b3bd4a693f866c84d74f9b96a5b52347b3fad352dce152a67dcbd,2023-05-31T00:00:00Z,2048-05-24T00:00:00Z,https://app.sekoia.io/intelligence/public/objects/indicator--bdaaac73-37b7-4183-979e-4b3d3978d783
158954c2491ee058f4f2f9407f6b0584b2a74c19e59fd257249ecb06ebf7b1d7,2023-05-31T00:00:00Z,2048-05-24T00:00:00Z,https://app.sekoia.io/intelligence/public/objects/indicator--c0529a0b-7a50-4698-84fb-46566e09dd32
38a39a7add904feea4dce2ce6480c20e919a05ca6d4195f5f90953dc047f3dd5,2023-05-31T00:00:00Z,2048-05-24T00:00:00Z,https://app.sekoia.io/intelligence/public/objects/indicator--c0e10358-197f-4800-8934-facf9d42e68e
c6fd0bc7d042b1e1d5e86a2b516556f98ce0199eddc43bd1eec2ca896e490fea,2023-05-31T00:00:00Z,2048-06-08T00:00:00Z,https://app.sekoia.io/intelligence/public/objects/indicator--c1ccb8ea-e332-4029-935c-d34a9888060d
8bd4e239c79fa637109e8c6fd3751f1a03a726b63fa10181f07bda5b111f40a66528c5b4b26be0c8732d42c1315694feb4bb149e1e8dc0a395e474c2d057d2c2,2023-05-31T00:00:00Z,2048-05-24T00:00:00Z,https://app.sekoia.io/intelligence/public/objects/indicator--c1eaa482-8045-48ef-968f-d7b6f484dd8b
80613f8a650f7a6014ba0eac7345983286305daf26b29cd5d6e578b4754dc4a3af04a755870f0a80c05582684a09bee0586bbe3bd254877a8e707c098baea86b,2023-05-31T00:00:00Z,2048-05-24T00:00:00Z,https://app.sekoia.io/intelligence/public/objects/indicator--c211336e-e4fb-4307-aba1-b432d51eb2e6
78bcfd627987cfadd88fce2c76735c39926ca6f5eba6e76fd3416c0b899b4dd1,2023-05-31T00:00:00Z,2048-06-09T00:00:00Z,https://app.sekoia.io/intelligence/public/objects/indicator--c3e3c42b-b6a0-45c8-b348-1f6ddd13bb69
c23de2111100cc918a38101d4594b79977aaa9c7be5e58de36ac61aef226c465,2023-05-31T00:00:00Z,2048-05-24T00:00:00Z,https://app.sekoia.io/intelligence/public/objects/indicator--c42a6353-1e2f-4bf3-8cd9-d8b12388e6dd
3e46da2e33205f486d38b189dea0483fd98aaa11e16fdb66c36a2821a38f166c,2023-05-31T00:00:00Z,2048-06-10T00:00:00Z,https://app.sekoia.io/intelligence/public/objects/indicator--c4d608f8-361d-4b18-bc5c-4aca33926659
b87136358ac80fcaad52a2c78a1026cec7fcfe5bc7acea01415db0af605a5335,2023-05-31T00:00:00Z,2048-05-24T00:00:00Z,https://app.sekoia.io/intelligence/public/objects/indicator--c52bf2f3-d1cb-4eb8-ba67-b58bbb4ad29c
hxxp://5.42.94[.]169/customer/798,2023-05-31T00:00:00Z,2023-11-27T00:00:00Z,https://app.sekoia.io/intelligence/public/objects/indicator--c5bcc048-96cf-4308-ac30-f0d98b713d17
c0e0a8654fae57a01d37927cd51549853278a88f82b1c9b53e04bc55481f8b26,2023-05-31T00:00:00Z,2048-05-24T00:00:00Z,https://app.sekoia.io/intelligence/public/objects/indicator--c5ead30a-1dba-49ce-ab0c-c2662c634aef
2645d07cd5a6df635cb1076ce547a9f93070051c8c4045527851932bf943141b,2023-05-31T00:00:00Z,2048-05-24T00:00:00Z,https://app.sekoia.io/intelligence/public/objects/indicator--c681222a-435d-4b62-a947-a57aed1d8390
e1d2d0e1911c322a6727b9e725ed474be4c1869501eddf45483a923e45f77b0e,2023-05-31T00:00:00Z,2048-05-24T00:00:00Z,https://app.sekoia.io/intelligence/public/objects/indicator--c7623ee0-a332-4612-9b49-abeedeea437a
34bb306b3f95e91956508cc278a341c0b8d9930797da087dd58724d6c8e90ac2,2023-05-31T00:00:00Z,2048-06-08T00:00:00Z,https://app.sekoia.io/intelligence/public/objects/indicator--c79d9ab5-71d3-4a7d-8b49-1dc6623c3da6
hxxp://smartmaster.com[.]my/48E003A01/48E003A01.7z,2023-06-01T00:00:00Z,2023-11-28T00:00:00Z,https://app.sekoia.io/intelligence/public/objects/indicator--c8581f26-a6d4-4635-9b68-a4c820028893
4c9b551910643eb2c5a4adaf517f41cf1c5035c1526b11f108accd970e675e31,2023-05-31T00:00:00Z,2048-06-08T00:00:00Z,https://app.sekoia.io/intelligence/public/objects/indicator--c8a07e9a-f46a-4b86-a37f-9fcd10e28619
06dc6394565b70ac8efd2cc98225cf3ec9b5f7711e036189b186340c591e4f67,2023-05-31T00:00:00Z,2048-05-24T00:00:00Z,https://app.sekoia.io/intelligence/public/objects/indicator--c9282b5d-5f40-4f76-a1bd-df80b1d111e3
6e2e9251030e55a33e40ead3335f65772301fdc658d32a7c1e70b57963679046,2023-05-31T00:00:00Z,2048-05-24T00:00:00Z,https://app.sekoia.io/intelligence/public/objects/indicator--c95915e8-7232-4c7b-b7b4-01c562a2e1d4
4390c43f74723b18104f4ed432026162b8b99ee6182c71d4d390a14a74b325e8,2023-05-31T00:00:00Z,2048-05-24T00:00:00Z,https://app.sekoia.io/intelligence/public/objects/indicator--c98a30ad-f4c0-4628-9b58-37674dc9a40d
36a3e7427362e7a6360052af03813826f58be8d9daaf0c8873e70475b0ec9477,2023-05-31T00:00:00Z,2048-06-08T00:00:00Z,https://app.sekoia.io/intelligence/public/objects/indicator--ca0b5e8a-c89b-4af6-ad5a-c0a6ab1b91bd
4e6ebd79919d1647ed1b3c819f64b3a48f62513ceecda2742789f232e380c8d9,2023-05-31T00:00:00Z,2048-05-24T00:00:00Z,https://app.sekoia.io/intelligence/public/objects/indicator--ca142933-a110-43c2-bee1-673c79410edd
d9df54a6868cbb3f2cd7d63dbd3be1e3ccc65fa7eb8c8237daf4042945e66655,2023-05-31T00:00:00Z,2048-06-07T00:00:00Z,https://app.sekoia.io/intelligence/public/objects/indicator--cb0cd1a6-e32f-4502-b17b-dcc7755e3a8b
1351b69742044043893c04029269bfb59bb62ae0dfa3f48773df1ac3a1387241,2023-05-31T00:00:00Z,2048-05-24T00:00:00Z,https://app.sekoia.io/intelligence/public/objects/indicator--cd4be1b8-5f8c-4bfe-8646-f624b7785a8a
70beb9207e55181575c300280abd206f51930ca0ec581e0f3dc97f18488750f3,2023-05-31T00:00:00Z,2048-05-24T00:00:00Z,https://app.sekoia.io/intelligence/public/objects/indicator--ce130286-1b34-469c-bb7d-0403250a8494
7e363afe339d5bfad784f759c27ba18e4cbffa34eabf090a62eb4b8623e9dc7d0a3d9b7f21ed3b471275302afe5e1c1f07b53cc65aabb81a22f2fd2886dac867,2023-05-31T00:00:00Z,2048-05-24T00:00:00Z,https://app.sekoia.io/intelligence/public/objects/indicator--ce38a9d7-51e4-41be-9b98-1af032fcf446
8511c28189b51da6145a276126e96526291b6c49e91688729e1c26478704ee6793664be6291a680532992f4064bdbdb1118a30e68044a629bdacc0e5a3fbcd76,2023-05-31T00:00:00Z,2048-05-24T00:00:00Z,https://app.sekoia.io/intelligence/public/objects/indicator--ce3defb2-3098-45d2-a3b4-5b5cb6e44695
5993ca4e4072415576364c5f15bfaf28604b686e7ae17dc4f76da6465830c369f12c273f6b499f7743619ee6015d9d76e292691d92e983ad93f34d29e7399b70,2023-05-31T00:00:00Z,2048-05-24T00:00:00Z,https://app.sekoia.io/intelligence/public/objects/indicator--cf57e350-0cf6-4c71-91dc-39c698704679
86f4a294aaf2d868ee1470817287aa3413b496f63109321775017e0f15d82c9a,2023-05-31T00:00:00Z,2048-05-24T00:00:00Z,https://app.sekoia.io/intelligence/public/objects/indicator--cff7b6d1-bb58-4eec-afe3-cec0833b0b17
d40af29bbc4ff1ea1827871711e5bfa3470d59723dd8ea29d2b19f5239e509e9,2023-06-08T00:00:00Z,2048-06-01T00:00:00Z,https://app.sekoia.io/intelligence/public/objects/indicator--d0c93348-87c3-4533-9903-4e780dc2d866
00d339dd56bc932ec8f05f723b94096e8e2548c6c78ac92d7f1fff30bf82f2e8,2023-05-31T00:00:00Z,2048-05-24T00:00:00Z,https://app.sekoia.io/intelligence/public/objects/indicator--d148c046-9d36-48dc-82c5-a8d5ee03f0c8
1a808fa2686c46f4b24cc3e7a4501a708d17b3ee5a2e3dc1c80d3ca426549e7c,2023-05-31T00:00:00Z,2048-05-24T00:00:00Z,https://app.sekoia.io/intelligence/public/objects/indicator--d1a5115d-16b1-46a5-88fc-2a28bff8eb5b
e03bc3a058f54b4ed8cdb0832d41749aa58358018f1aab3092d14b257c0f6c6e,2023-05-31T00:00:00Z,2048-05-24T00:00:00Z,https://app.sekoia.io/intelligence/public/objects/indicator--d2b0a111-f3a2-4817-8eb3-3763c981f0e8
44ed708bfc2ae0d09c89dfaf81e618f2a7846cf339fc19b4a305a3bf6ab227d3,2023-05-31T00:00:00Z,2048-06-08T00:00:00Z,https://app.sekoia.io/intelligence/public/objects/indicator--d43a7322-e9aa-4483-ae32-ce0de4707916
bd07b8443719dafadad2106dceeb5eec060b0606f3b9344495506ddcb40eebbac0b115430efe6b45a87579b120512b4a07e8d1903c11f8291d1712fe35fc1596,2023-05-31T00:00:00Z,2048-05-24T00:00:00Z,https://app.sekoia.io/intelligence/public/objects/indicator--d68961f0-02b6-45ec-b4c4-c98494f8b4f1
82a960b658eb9a9af47a2f8a14cd78f3d614fdd1dd1e1a7930f77cf32b1855c2,2023-05-31T00:00:00Z,2048-06-09T00:00:00Z,https://app.sekoia.io/intelligence/public/objects/indicator--d79ecbdf-1021-4d14-9a14-98375b58a7e9
76b702e40ef37a52ce6de9273bc58b7ab191f77dc7e0664727db93d90a7e19a6,2023-05-31T00:00:00Z,2048-05-24T00:00:00Z,https://app.sekoia.io/intelligence/public/objects/indicator--da031674-463b-493a-a8e0-4f53cf471380
7f2239ceed40eb378ce1f091bf3337700314e89781820296cd4608a69f23deb7,2023-05-31T00:00:00Z,2048-05-24T00:00:00Z,https://app.sekoia.io/intelligence/public/objects/indicator--da7c972c-298d-43df-ba25-04edce5b3147
de03a71ad70b23148585202db3c6e9eec52bac125c4227062f54e4a53417f1da,2023-05-31T00:00:00Z,2048-05-24T00:00:00Z,https://app.sekoia.io/intelligence/public/objects/indicator--da899def-44e3-4494-9897-4231ea666aa9
182e28d477b22799cc35cc4d09e621da3368ec10de52f7530bdfe6296edb628a,2023-06-15T00:00:00Z,2048-06-08T00:00:00Z,https://app.sekoia.io/intelligence/public/objects/indicator--dba1de1b-413a-4f67-96d1-1db612f14877
e22f4d15055e46d55517876eb0425e404a3bdf20f079350a26ea1c637dee3a66,2023-05-31T00:00:00Z,2048-05-24T00:00:00Z,https://app.sekoia.io/intelligence/public/objects/indicator--dbbd39bb-9ab1-45f0-a736-c133b5deb7b8
2e0f7c937478ba8a68ccae3e851d69a233a4466de91d05e78c442e99f1b026b2,2023-05-31T00:00:00Z,2048-05-24T00:00:00Z,https://app.sekoia.io/intelligence/public/objects/indicator--dbf7449b-25a5-47b8-8e1f-eca2914dbb51
9b8e4ccb516335d6df1731a59d74a5defb99bad216c610ea760fccdc1aeee8d4,2023-05-31T00:00:00Z,2048-05-24T00:00:00Z,https://app.sekoia.io/intelligence/public/objects/indicator--dc833034-89d1-4769-83f5-19396fb3d3c7
3aaa2555d75c726d442ed01d6b9de2885ac039040eeb7b917915856394a3d8ee3400e79398dc2d200acd60888dd59a20074254525212e8c959f93de57d9045e5,2023-05-31T00:00:00Z,2048-05-24T00:00:00Z,https://app.sekoia.io/intelligence/public/objects/indicator--de1a26b2-8b57-4319-bb14-01ec177c552f
0d01a275d4049d9e6efdc8a68ce1d38be0e928cf20a642e1d64cb48c1a136bb3,2023-05-31T00:00:00Z,2048-05-24T00:00:00Z,https://app.sekoia.io/intelligence/public/objects/indicator--de3e3245-209f-4001-b2fb-e319ed161a3c
c0bb580c3dde7904d5d5153e20e7bc81c34b7c3bf120aa8ffb7bf1f87753dfff,2023-05-31T00:00:00Z,2048-05-24T00:00:00Z,https://app.sekoia.io/intelligence/public/objects/indicator--dfd697b9-4c63-4807-9e5c-aea1a52fe25e
1367ef4488c7b298e108d04317261b867cde43050af240217714ac49b8c41f63c4e26201a6b892c76175d34304c838169d4e2f737b545211bc2841371783c25b,2023-05-31T00:00:00Z,2048-05-24T00:00:00Z,https://app.sekoia.io/intelligence/public/objects/indicator--e03f1287-4f3a-43cb-ab67-053cab36531b
15144f4c94fcf98feb2f6316930c474710783c27acb9a030ecd78ee440f035a6,2023-05-31T00:00:00Z,2048-05-24T00:00:00Z,https://app.sekoia.io/intelligence/public/objects/indicator--e1f68184-ce44-41f2-819a-08d31e32d305
71a587a853b42740a9709a1c20e08fcb74dfdaf6edb9fa27a81e21b999da5624a79496d0c80ffde67ef2d4235175d11578e1bf2550af5a6bb7fa68cd48001cf7,2023-05-31T00:00:00Z,2048-05-24T00:00:00Z,https://app.sekoia.io/intelligence/public/objects/indicator--e1fcc47d-21e0-4c36-ab99-9b6221d15a6a
63b372dcde67d7da46d4bf40a403bde9630bdab633b50e0ab115540e44650d46,2023-05-31T00:00:00Z,2048-05-24T00:00:00Z,https://app.sekoia.io/intelligence/public/objects/indicator--e2507813-e87c-4bdf-a673-64d6e9fe8867
b3ef643eef9f1a00a83df2af80752359a1d0d6129ba594b7536c9bd7d4512048,2023-05-31T00:00:00Z,2048-05-24T00:00:00Z,https://app.sekoia.io/intelligence/public/objects/indicator--e256c397-f1be-4897-81cc-fc9d87c4b0b9
5ef087c2a06a223b6813fbbeca2fe40bcc09bb0ec120d8b262a50102ec543d9b7cd40aeaad707b89498f961ab2dd7ceb19f4b6e2f21161ebf993a0eed025dacd,2023-05-31T00:00:00Z,2048-05-24T00:00:00Z,https://app.sekoia.io/intelligence/public/objects/indicator--e3f17aff-b516-41e5-8559-13f9d3998974
0df266774f5997c40f342355bf6765531ad7693d5bb3f22ba8f6a4b9792c2a79,2023-05-31T00:00:00Z,2048-05-24T00:00:00Z,https://app.sekoia.io/intelligence/public/objects/indicator--e4cbb0ae-0449-4749-a3a7-8c76ee541a21
ca2bd318892aaf15f2bc58349dd6516bb043567163d51c6cd8613b314229f8bc,2023-05-31T00:00:00Z,2048-05-24T00:00:00Z,https://app.sekoia.io/intelligence/public/objects/indicator--e7bc85e1-9461-4241-b5d8-17691da506f3
9b382f67ec2930709070a5e4530c1e47029e15685bc089f7cba22c1acbb43f2f548a6a08b78d954978eb35a024e70a4050ee3723e4b1a48e04dfebb1b38639f2,2023-05-31T00:00:00Z,2048-05-24T00:00:00Z,https://app.sekoia.io/intelligence/public/objects/indicator--e9251e4b-3bdd-4ee6-86c5-8d6a1159c1a4
34f0569af9d7425557c8ff855a8cef2f351703db6f988739cefd47822a09efeb,2023-06-15T00:00:00Z,2048-06-08T00:00:00Z,https://app.sekoia.io/intelligence/public/objects/indicator--e9430593-acdf-44b1-882e-b5704c42ff2e
7a643d039ba149f840688e5443ca4363cce4aed645c53e78561f10ba57044393353a7ee62ee4bac114d1d2a92a01b4ddb2715e75552fdfc7ef826c755950985a,2023-05-31T00:00:00Z,2048-05-24T00:00:00Z,https://app.sekoia.io/intelligence/public/objects/indicator--eb878c1f-d4f5-47fd-9711-1a9f04c2ba11
e0366f0717a113e00a50f675702e337b3f5dc42ce7394c10efe51ea7424ba635,2023-05-31T00:00:00Z,2048-05-24T00:00:00Z,https://app.sekoia.io/intelligence/public/objects/indicator--ebf749e8-1773-4bde-b9c6-07774a0ed078
7c6cdbf1a06d01580960900525c20b5b56457fcbf0e6591416f5679f9130441f403ab943dd857faf43b5a1060563cf125b135362a7bb434219420c93d6100214,2023-05-31T00:00:00Z,2048-05-24T00:00:00Z,https://app.sekoia.io/intelligence/public/objects/indicator--ec8acb39-28ab-4374-a14f-350da6325b46
6711b58ae858e299284a311df5a8e0d77ae8e4f755f206a0296ead64d66b1dc1,2023-05-31T00:00:00Z,2048-05-24T00:00:00Z,https://app.sekoia.io/intelligence/public/objects/indicator--f0324248-d92a-49d3-b5e0-c03aae5ba4ed
98d5e1f8e5886d151416195875d39d0eaaa41c6b43c4f86b7df3cd8fa7f400c6572a4497102b1c25c1c24378cf3beb8b1cb6981a96387ba188a943462691f948,2023-05-31T00:00:00Z,2048-05-24T00:00:00Z,https://app.sekoia.io/intelligence/public/objects/indicator--f058c42d-02d1-4b7b-aaf1-fcbbe46d257a
f79c0fe13826308db0fda13cccec4d844d88022bd308138e708912714ae2e087,2023-05-31T00:00:00Z,2048-05-24T00:00:00Z,https://app.sekoia.io/intelligence/public/objects/indicator--f062b8d8-af77-422d-a3ef-82084d0481a0
7a421006ad0564c7572ab74f1844507a73a5a34cee1be3698775eb63ef6f0a39,2023-05-31T00:00:00Z,2048-05-24T00:00:00Z,https://app.sekoia.io/intelligence/public/objects/indicator--f079e999-8789-4ef9-afcd-b00397dc8adc
f7c4f6356b79f47541334458c86ff341e60a590c70f2dd7d5e4b8077c0e7c1e3,2023-05-31T00:00:00Z,2048-05-24T00:00:00Z,https://app.sekoia.io/intelligence/public/objects/indicator--f0a4834c-b203-4c68-b7b3-80eab301fb07
16aad82878ec30917d589f5ac459b8e53294cec6b75b5282731cbf19419a21ff5c0a568bce097f2dca6e47d1d05c057454dca0613c4078912987b7d6a777074e,2023-05-31T00:00:00Z,2048-05-24T00:00:00Z,https://app.sekoia.io/intelligence/public/objects/indicator--f0fe7e08-7cbc-407d-ab15-1a154e15308a
e27a82f73042a175245f00544dfc7dd358999b3bf66db42de67bdbf8ed8dbda09cd123a90e9b503e87667f9efed11d2109bd478370a37b19b1431f18992aa819,2023-05-31T00:00:00Z,2048-05-24T00:00:00Z,https://app.sekoia.io/intelligence/public/objects/indicator--f1a80313-dbff-41be-aeef-cdb39b4974ac
d66a6a5cc01d000b7cc1810194fa2e9824daf7951fbff82e6e431f53b18b9f73,2023-05-31T00:00:00Z,2048-05-24T00:00:00Z,https://app.sekoia.io/intelligence/public/objects/indicator--f269f4e7-4d15-4a33-a697-918cc9221d10
4629ba2fd5e560099ecf3eb0e47fc621236aacaf90b08abb56976479435d1e11,2023-05-31T00:00:00Z,2048-05-24T00:00:00Z,https://app.sekoia.io/intelligence/public/objects/indicator--f36c649a-8cbe-48fe-88e9-f456f5f11f7a
0356294fcf33ec6dc26afdeb56eaecccb9e2d98b9ab7c95b612c19ee3907fb89,2023-05-31T00:00:00Z,2048-05-24T00:00:00Z,https://app.sekoia.io/intelligence/public/objects/indicator--f3b4c466-b6ec-4acc-a68a-67c5f69bd913
65e3b326ace2ec3121f17da6f94291fdaf13fa3900dc8d997fbbf05365dd518f,2023-06-08T00:00:00Z,2048-06-01T00:00:00Z,https://app.sekoia.io/intelligence/public/objects/indicator--f4ac4d22-d2e2-4ed0-9887-3b3b8d67b6a8
e41492381e7b9c33e25b4b6d36f58f920fa1fed674ddcf36c870349d27f5ebc30320dab1a05697cc6a14765136c8fb05080dd389d855fbf6d06b58b71ba879f4,2023-05-31T00:00:00Z,2048-05-24T00:00:00Z,https://app.sekoia.io/intelligence/public/objects/indicator--f51ac54a-4abe-4e9d-86d7-03132aecc12e
af597e8594fb16cda7e93acdd0de93e768ef8714ac4dd705d0683d0b2075bde6,2023-05-31T00:00:00Z,2048-05-24T00:00:00Z,https://app.sekoia.io/intelligence/public/objects/indicator--f52974e3-5b5f-428f-8909-d4811c6bfabe
d42f4c5d6d664e9a227b43d55aa03b2af543780d2e524861948e48c1f9888468,2023-05-31T00:00:00Z,2048-05-24T00:00:00Z,https://app.sekoia.io/intelligence/public/objects/indicator--f52bcd44-80c3-4e07-9aee-4ca04261e7c7
b6118919354d6e2e642e71be2dc2e9a7401123a888612551ed311793e6b1fc89,2023-05-31T00:00:00Z,2048-05-24T00:00:00Z,https://app.sekoia.io/intelligence/public/objects/indicator--f5901429-ec80-4d86-8236-80a23abb7b38
d7bf387e6684a6fa661c989bcb07e757835dfd47e4b534682fa78223c9ac8e7c,2023-07-05T00:00:00Z,2048-06-28T00:00:00Z,https://app.sekoia.io/intelligence/public/objects/indicator--f6236c39-23b4-4ff7-8a58-6da775bf384c
hxxps://www.mediafire[.]com/file/nnamjnckj7h80xz/v2.4_2023.rar/file,2023-06-01T00:00:00Z,2023-11-28T00:00:00Z,https://app.sekoia.io/intelligence/public/objects/indicator--f73fdd1d-c16e-4a0d-988e-00f0816f1021
14103645354c7fa532395f08e82fe18e8f7bcd7f09b639f862391c1e7effcd40,2023-05-31T00:00:00Z,2048-05-24T00:00:00Z,https://app.sekoia.io/intelligence/public/objects/indicator--f760665f-77d2-47db-b06b-3b96649f8e7a
a31422f18ec124202d2495d97ccfed61108c359cf5fd308727a859b03027103f431dc96973168f1a37173bd7554a6f70ee61ebfad96cba43f08de7d1ac6f9d98,2023-05-31T00:00:00Z,2048-05-24T00:00:00Z,https://app.sekoia.io/intelligence/public/objects/indicator--f76eddcf-38e5-48fd-aa82-1f5498a5d29c
44c60da73f475e61372edd83f4e358aef1cbf0b37aab0d70d204decc0eb53a31ad12bfb429b034ce9a9938564e6872cda7534c442593befcd24d6b7f41d0b5c9,2023-05-31T00:00:00Z,2048-05-24T00:00:00Z,https://app.sekoia.io/intelligence/public/objects/indicator--f8335574-d26a-47d5-9ebf-e9a8bfcf6cc3
e14f9e4b463b06155b766c7eca8fe32165c7799eea545e9b174f8d342a8fe1f4,2023-05-31T00:00:00Z,2048-06-08T00:00:00Z,https://app.sekoia.io/intelligence/public/objects/indicator--f8ce716d-f9f7-4bd7-b0e2-dc2089910301
6f7e9d3f4fa0c46e9a8a52596984608e0e9db950c31eab7f574b9b9fd265e37f,2023-05-31T00:00:00Z,2048-06-09T00:00:00Z,https://app.sekoia.io/intelligence/public/objects/indicator--f91306ff-2b39-4076-bd74-ad9af0733f94
52d10d39c3d9bc2664245025bb30c1e2f6157fb1679da9806463f2875eb5842f,2023-05-31T00:00:00Z,2048-05-24T00:00:00Z,https://app.sekoia.io/intelligence/public/objects/indicator--f93150ce-2705-463e-b6de-d9165f5f36e2
156a711dda1dc578fc8895e3297e59fc803fb88f8bb6d2ca75d2936674140375,2023-05-31T00:00:00Z,2048-05-24T00:00:00Z,https://app.sekoia.io/intelligence/public/objects/indicator--f996c243-e934-4c0b-bb82-6c618646eb26
2fabff11950734cd5f5f3abceaa8f236be8c3a426e8058a6dbd032f8409c7cd9,2023-05-31T00:00:00Z,2048-05-24T00:00:00Z,https://app.sekoia.io/intelligence/public/objects/indicator--fabdb83e-690f-4c53-92f1-611f5b428530
67107d67d0d5e5c8e80fbe89bdcc5b3a3d6fa0dfa1083ae197cb88d0e432e4ee,2023-05-31T00:00:00Z,2048-05-24T00:00:00Z,https://app.sekoia.io/intelligence/public/objects/indicator--fd922741-706e-4b6d-a001-cb56f4914835
f4541e206b14dbfdff4511ba98808c36f4edb4b24c2e5660c6c8f090c7b39438,2023-05-31T00:00:00Z,2048-05-24T00:00:00Z,https://app.sekoia.io/intelligence/public/objects/indicator--fdd3e760-fae0-4f77-b9a3-9e4de769c941
179019de00975d9d188539ce5e8d91f93732596b277b648bb3179781c05f70bf,2023-05-31T00:00:00Z,2048-06-08T00:00:00Z,https://app.sekoia.io/intelligence/public/objects/indicator--fe39f821-7aec-4aa5-ba9c-997db5697e86
22059817e04f84b60175d20e225c713482cd8091ecd4bb74a70946d4826da7f4,2023-06-15T00:00:00Z,2048-06-08T00:00:00Z,https://app.sekoia.io/intelligence/public/objects/indicator--ff1438e0-a259-4789-a57e-ed7a8301af78
38bdd0108cab6d0ac5bde9730d522a0c917f05d7d030a7a44a3376684683cb65,2023-05-31T00:00:00Z,2048-06-07T00:00:00Z,https://app.sekoia.io/intelligence/public/objects/indicator--ff209c7d-1283-427d-96d9-9bb067351056
8a4879f3e1c0d7bcfbaa80a946939af1b260055a75ae563a619b68c33d60bf48eee82e048b1e35544984f7be7247349d0cb3817f87b9c891e725cc66dad46bf5,2023-05-31T00:00:00Z,2048-05-24T00:00:00Z,https://app.sekoia.io/intelligence/public/objects/indicator--ff3bb0d7-4b28-4b3b-b2ec-fe7c0d9f59c7
